molecule,iteration,parameter1,category,parameter2,parameter3
A63g,iteration1,8425333,category1,28.801,779.4453145
A96g,iteration6,9240934,category1,30.332,820.8530296
A81g,iteration11,10267083,category1,31.997,853.10071
A79g,iteration16,11537966,category1,34.02,836.1971382
A93g,iteration21,13079460,category1,36.088,739.9811058
A53g,iteration26,14880372,category1,38.438,786.11336
A44g,iteration31,12881816,category1,39.854,978.0114388
A81g,iteration36,13867957,category1,40.822,852.3959448
A50g,iteration41,16317921,category1,41.674,649.3413952
A80g,iteration46,22227415,category1,41.763,635.341351
A59g,iteration51,25268405,category1,42.129,726.7340548
A71g,iteration56,31889923,category1,43.828,974.5803384
A60b,iteration1,1282697,category2,55.23,1601.056136
A37b,iteration6,1476505,category2,59.28,1942.284244
A97b,iteration11,1728137,category2,64.82,2312.888958
A57b,iteration16,1984060,category2,66.22,2760.196931
A13b,iteration21,2263554,category2,67.69,3313.422188
A71b,iteration26,2509048,category2,68.93,3533.00391
A39b,iteration31,2780097,category2,70.42,3630.880722
A61b,iteration36,3075321,category2,72,3738.932735
A66b,iteration41,3326498,category2,71.581,2497.437901
A32b,iteration46,3428038,category2,72.95,3193.054604
A96b,iteration51,3508512,category2,75.651,4604.211737
A64b,iteration56,3600523,category2,76.423,5937.029526
A53g,iteration1,9279525,category3,43.077,2449.008185
A61g,iteration6,10270856,category3,45.685,3013.976023
A20g,iteration11,11000948,category3,48.303,2550.81688
A95g,iteration16,12760499,category3,51.407,3246.991771
A45g,iteration21,14760787,category3,54.518,4182.663766
A20g,iteration26,17152804,category3,58.014,4910.416756
A53g,iteration31,20033753,category3,61.368,5745.160213
A77g,iteration36,23254956,category3,65.799,5681.358539
A67g,iteration41,26298373,category3,67.744,5023.216647
A64g,iteration46,29072015,category3,69.152,4797.295051
A48g,iteration51,31287142,category3,70.994,5288.040382
A63g,iteration56,33333216,category3,72.301,6223.367465
A11g,iteration1,4232095,category3,30.015,3520.610273
A23g,iteration6,4561361,category3,31.999,3827.940465
A69g,iteration11,4826015,category3,34,4269.276742
A77g,iteration16,5247469,category3,35.985,5522.776375
A81g,iteration21,5894858,category3,37.928,5473.288005
A47g,iteration26,6162675,category3,39.483,3008.647355
A96g,iteration31,7016384,category3,39.942,2756.953672
A92g,iteration36,7874230,category3,39.906,2430.208311
A51g,iteration41,8735988,category3,40.647,2627.845685
A96g,iteration46,9875024,category3,40.963,2277.140884
A60g,iteration51,10866106,category3,41.003,2773.287312
A62g,iteration56,12420476,category3,42.731,4797.231267
A79g,iteration1,17876956,category4,62.485,5911.315053
A13g,iteration6,19610538,category4,64.399,6856.856212
A73g,iteration11,21283783,category4,65.142,7133.166023
A28g,iteration16,22934225,category4,65.634,8052.953021
A90g,iteration21,24779799,category4,67.065,9443.038526
A76g,iteration26,26983828,category4,68.481,10079.02674
A77g,iteration31,29341374,category4,69.942,8997.897412
A60g,iteration36,31620918,category4,70.774,9139.671389
A64g,iteration41,33958947,category4,71.868,9308.41871
A68g,iteration46,36203463,category4,73.275,10967.28195
A60g,iteration51,38331121,category4,74.34,8797.640716
A63g,iteration56,40301927,category4,75.32,12779.37964
A60s,iteration1,8691212,category5,69.12,10039.59564
A39s,iteration6,9712569,category5,70.33,10949.64959
A15s,iteration11,10794968,category5,70.93,12217.22686
A22s,iteration16,11872264,category5,71.1,14526.12465
A28s,iteration21,13177000,category5,71.93,16788.62948
A13s,iteration26,14074100,category5,73.49,18334.19751
A36s,iteration31,15184200,category5,74.74,19477.00928
A99s,iteration36,16257249,category5,76.32,21888.88903
A46s,iteration41,17481977,category5,77.56,23424.76683
A98s,iteration46,18565243,category5,78.83,26997.93657
A39s,iteration51,19546792,category5,80.37,30687.75473
A92s,iteration56,20434176,category5,81.235,34435.36744
A85s,iteration1,6927772,category2,66.8,6137.076492
A89s,iteration6,6965860,category2,67.48,8842.59803
A92s,iteration11,7129864,category2,69.54,10750.72111
A40s,iteration16,7376998,category2,70.14,12834.6024
A16s,iteration21,7544201,category2,70.63,16661.6256
A60s,iteration26,7568430,category2,72.17,19749.4223
A78s,iteration31,7574613,category2,73.18,21597.08362
A73s,iteration36,7578903,category2,74.94,23687.82607
A89s,iteration41,7914969,category2,76.04,27042.01868
A36s,iteration46,8069876,category2,77.51,29095.92066
A51s,iteration51,8148312,category2,78.98,32417.60769
A56s,iteration56,8199783,category2,79.829,36126.4927
B71h,iteration1,120447,category1,50.939,9867.084765
B47h,iteration6,138655,category1,53.832,11635.79945
B70h,iteration11,171863,category1,56.923,12753.27514
B46h,iteration16,202182,category1,59.923,14804.6727
B11h,iteration21,230800,category1,63.3,18268.65839
B49h,iteration26,297410,category1,65.593,19340.10196
B23h,iteration31,377967,category1,69.052,19211.14731
B32h,iteration36,454612,category1,70.75,18524.02406
B91h,iteration41,529491,category1,72.601,19035.57917
B25h,iteration46,598561,category1,73.925,20292.01679
B89h,iteration51,656397,category1,74.795,23403.55927
B73h,iteration56,708573,category1,75.635,29796.04834
B40n,iteration1,46886859,category1,37.484,684.2441716
B85n,iteration6,51365468,category1,39.348,661.6374577
B20n,iteration11,56839289,category1,41.216,686.3415538
B57n,iteration16,62821884,category1,43.453,721.1860862
B53n,iteration21,70759295,category1,45.252,630.2336265
B83n,iteration26,80428306,category1,46.923,659.8772322
B45n,iteration31,93074406,category1,50.009,676.9818656
B20n,iteration36,103764241,category1,52.819,751.9794035
B58n,iteration41,113704579,category1,56.018,837.8101643
B80n,iteration46,123315288,category1,59.412,972.7700352
B42n,iteration51,135656790,category1,62.013,1136.39043
B54n,iteration56,150448339,category1,64.062,1391.253792
B47l,iteration1,8730405,category2,68,8343.105127
B67l,iteration6,8989111,category2,69.24,9714.960623
B32l,iteration11,9218400,category2,70.25,10991.20676
B53l,iteration16,9556500,category2,70.94,13149.04119
B20l,iteration21,9709100,category2,71.44,16672.14356
B85l,iteration26,9821800,category2,72.8,19117.97448
B99l,iteration31,9856303,category2,73.93,20979.84589
B56l,iteration36,9870200,category2,75.35,22525.56308
B41l,iteration41,10045622,category2,76.46,25575.57069
B32l,iteration46,10199787,category2,77.53,27561.19663
B24l,iteration51,10311970,category2,78.32,30485.88375
B34l,iteration56,10392226,category2,79.441,33692.60508
B39n,iteration1,1738315,category3,38.223,1062.7522
B57n,iteration6,1925173,category3,40.358,959.6010805
B89n,iteration11,2151895,category3,42.618,949.4990641
B17n,iteration16,2427334,category3,44.885,1035.831411
B77n,iteration21,2761407,category3,47.014,1085.796879
B94n,iteration26,3168267,category3,49.19,1029.161251
B45n,iteration31,3641603,category3,50.904,1277.897616
B44n,iteration36,4243788,category3,52.337,1225.85601
B66n,iteration41,4981671,category3,53.919,1191.207681
B75n,iteration46,6066080,category3,54.777,1232.975292
B53n,iteration51,7026113,category3,54.406,1372.877931
B60n,iteration56,8078314,category3,56.728,1441.284873
B89l,iteration1,2883315,category4,40.414,2677.326347
B36l,iteration6,3211738,category4,41.89,2127.686326
B13l,iteration11,3593918,category4,43.428,2180.972546
B54l,iteration16,4040665,category4,45.032,2586.886053
B51l,iteration21,4565872,category4,46.714,2980.331339
B59l,iteration26,5079716,category4,50.023,3548.097832
B40l,iteration31,5642224,category4,53.859,3156.510452
B59l,iteration36,6156369,category4,57.251,2753.69149
B11l,iteration41,6893451,category4,59.957,2961.699694
B46l,iteration46,7693188,category4,62.05,3326.143191
B77l,iteration51,8445134,category4,63.883,3413.26269
B89l,iteration56,9119152,category4,65.554,3822.137084
B22s,iteration1,2791000,category2,53.82,973.5331948
B84s,iteration6,3076000,category2,58.45,1353.989176
B92s,iteration11,3349000,category2,61.93,1709.683679
B58s,iteration16,3585000,category2,64.79,2172.352423
B46s,iteration21,3819000,category2,67.45,2860.16975
B27s,iteration26,4086000,category2,69.86,3528.481305
B62s,iteration31,4172693,category2,70.69,4126.613157
B92s,iteration36,4338977,category2,71.14,4314.114757
B90s,iteration41,4256013,category2,72.178,2546.781445
B44s,iteration46,3607000,category2,73.244,4766.355904
B73s,iteration51,4165416,category2,74.09,6018.975239
B33s,iteration56,4552198,category2,74.852,7446.298803
B70t,iteration1,442308,category3,47.622,851.2411407
B50t,iteration6,474639,category3,49.618,918.2325349
B99t,iteration11,512764,category3,51.52,983.6539764
B26t,iteration16,553541,category3,53.298,1214.709294
B50t,iteration21,619351,category3,56.024,2263.611114
B35t,iteration26,781472,category3,59.319,3214.857818
B56t,iteration31,970347,category3,61.484,4551.14215
B66t,iteration36,1151184,category3,63.622,6205.88385
B83t,iteration41,1342614,category3,62.745,7954.111645
B85t,iteration46,1536536,category3,52.556,8647.142313
B27t,iteration51,1630347,category3,46.634,11003.60508
B19t,iteration56,1639131,category3,50.728,12569.85177
B74a,iteration1,56602560,category4,50.917,2108.944355
B63a,iteration6,65551171,category4,53.285,2487.365989
B81a,iteration11,76039390,category4,55.665,3336.585802
B76a,iteration16,88049823,category4,57.632,3429.864357
B44a,iteration21,100840058,category4,59.504,4985.711467
B76a,iteration26,114313951,category4,61.489,6660.118654
B98a,iteration31,128962939,category4,63.336,7030.835878
B37a,iteration36,142938076,category4,65.205,7807.095818
B50a,iteration41,155975974,category4,67.057,6950.283021
B58a,iteration46,168546719,category4,69.388,7957.980824
B70a,iteration51,179914212,category4,71.006,8131.212843
B68a,iteration56,190010647,category4,72.39,9065.800825
B51l,iteration1,7274900,category2,59.6,2444.286648
B54l,iteration6,7651254,category2,66.61,3008.670727
B41l,iteration11,8012946,category2,69.51,4254.337839
B52l,iteration16,8310226,category2,70.42,5577.0028
B73l,iteration21,8576200,category2,70.9,6597.494398
B52l,iteration26,8797022,category2,70.81,7612.240438
B83l,iteration31,8892098,category2,71.08,8224.191647
B48l,iteration36,8971958,category2,71.34,8239.854824
B51l,iteration41,8658506,category2,71.19,6302.623438
B96l,iteration46,8066057,category2,70.32,5970.38876
B59l,iteration51,7661799,category2,72.14,7696.777725
B26l,iteration56,7322858,category2,73.005,10680.79282
B14r,iteration1,4469979,category3,31.975,543.2552413
B89r,iteration6,4713416,category3,34.906,617.1834648
B26r,iteration11,4919632,category3,37.814,722.5120206
B34r,iteration16,5127935,category3,40.697,794.8265597
B17r,iteration21,5433886,category3,43.591,854.7359763
B45r,iteration26,5889574,category3,46.137,743.3870368
B19r,iteration31,6634596,category3,48.122,807.1985855
B82r,iteration36,7586551,category3,49.557,912.0631417
B53r,iteration41,8878303,category3,50.26,931.7527731
B45r,iteration46,10352843,category3,50.324,946.2949618
B47r,iteration51,12251209,category3,50.65,1037.645221
B85r,iteration56,14326203,category3,52.295,1217.032994
B24r,iteration1,2445618,category3,39.031,339.2964587
B23r,iteration6,2667518,category3,40.533,379.5646281
B23r,iteration11,2961915,category3,42.045,355.2032273
B37r,iteration16,3330989,category3,43.548,412.9775136
B50r,iteration21,3529983,category3,44.057,464.0995039
B66r,iteration26,3834415,category3,45.91,556.1032651
B83r,iteration31,4580410,category3,47.471,559.603231
B97r,iteration36,5126023,category3,48.211,621.8188189
B47r,iteration41,5809236,category3,44.736,631.6998778
B52r,iteration46,6121610,category3,45.326,463.1151478
B32r,iteration51,7021078,category3,47.36,446.4035126
B93r,iteration56,8390505,category3,49.58,430.0706916
C54m,iteration1,4693836,category1,39.417,368.4692856
C63m,iteration6,5322536,category1,41.366,434.0383364
C56m,iteration11,6083619,category1,43.415,496.9136476
C37m,iteration16,6960067,category1,45.415,523.4323142
C17m,iteration21,7450606,category1,40.317,421.6240257
C20m,iteration26,6978607,category1,31.22,524.9721832
C94m,iteration31,7272485,category1,50.957,624.4754784
C82m,iteration36,8371791,category1,53.914,683.8955732
C89m,iteration41,10150094,category1,55.803,682.3031755
C22m,iteration46,11782962,category1,56.534,734.28517
C63m,iteration51,12926707,category1,56.752,896.2260153
C34m,iteration56,14131858,category1,59.723,1713.778686
C53m,iteration1,5009067,category3,38.523,1172.667655
C20m,iteration6,5359923,category3,40.428,1313.048099
C74m,iteration11,5793633,category3,42.643,1399.607441
C76m,iteration16,6335506,category3,44.799,1508.453148
C51m,iteration21,7021028,category3,47.049,1684.146528
C88m,iteration26,7959865,category3,49.355,1783.432873
C65m,iteration31,9250831,category3,52.961,2367.983282
C50m,iteration36,10780667,category3,54.985,2602.664206
C57m,iteration41,12467171,category3,54.314,1793.163278
C76m,iteration46,14195809,category3,52.199,1694.337469
C37m,iteration51,15929988,category3,49.856,1934.011449
C94m,iteration56,17696293,category3,50.43,2042.09524
C96n,iteration1,14785584,category4,68.75,11367.16112
C55n,iteration6,17010154,category4,69.96,12489.95006
C37n,iteration11,18985849,category4,71.3,13462.48555
C56n,iteration16,20819767,category4,72.13,16076.58803
C25n,iteration21,22284500,category4,72.88,18970.57086
C95n,iteration26,23796400,category4,74.21,22090.88306
C99n,iteration31,25201900,category4,75.76,22898.79214
C18n,iteration36,26549700,category4,76.86,26626.51503
C64n,iteration41,28523502,category4,77.95,26342.88426
C11n,iteration46,30305843,category4,78.61,28954.92589
C43n,iteration51,31902268,category4,79.77,33328.96507
C99n,iteration56,33390141,category4,80.653,36319.23501
C95n,iteration1,1291695,category3,35.463,1071.310713
C27n,iteration6,1392284,category3,37.464,1190.844328
C57n,iteration11,1523478,category3,39.475,1193.068753
C75n,iteration16,1733638,category3,41.478,1136.056615
C84n,iteration21,1927260,category3,43.457,1070.013275
C73n,iteration26,2167533,category3,46.775,1109.374338
C48n,iteration31,2476971,category3,48.295,956.7529907
C18n,iteration36,2840009,category3,50.485,844.8763504
C83n,iteration41,3265124,category3,49.396,747.9055252
C42n,iteration46,3696513,category3,46.066,740.5063317
C56n,iteration51,4048013,category3,43.308,738.6906068
C54n,iteration56,4369038,category3,44.741,706.016537
C25a,iteration1,2682462,category3,38.092,1178.665927
C14a,iteration6,2894855,category3,39.881,1308.495577
C63a,iteration11,3150417,category3,41.716,1389.817618
C83a,iteration16,3495967,category3,43.601,1196.810565
C77a,iteration21,3899068,category3,45.569,1104.103987
C42a,iteration26,4388260,category3,47.383,1133.98495
C53a,iteration31,4875118,category3,49.517,797.9081006
C34a,iteration36,5498955,category3,51.051,952.386129
C80a,iteration41,6429417,category3,51.724,1058.0643
C91a,iteration46,7562011,category3,51.573,1004.961353
C76a,iteration51,8835739,category3,50.525,1156.18186
C63a,iteration56,10238807,category3,50.651,1704.063724
C85i,iteration1,6377619,category4,54.745,3939.978789
C32i,iteration6,7048426,category4,56.074,4315.622723
C99i,iteration11,7961258,category4,57.924,4519.094331
C91i,iteration16,8858908,category4,60.523,5106.654313
C39i,iteration21,9717524,category4,63.441,5494.024437
C31i,iteration26,10599793,category4,67.052,4756.763836
C69i,iteration31,11487112,category4,70.565,5095.665738
C90i,iteration36,12463354,category4,72.492,5547.063754
C85i,iteration41,13572994,category4,74.126,7596.125964
C79i,iteration46,14599929,category4,75.816,10118.05318
C33i,iteration51,15497046,category4,77.86,10778.78385
C22i,iteration56,16284741,category4,78.553,13171.63885
C79i,iteration1,556263528,category1,44,400.4486107
C95i,iteration6,637408000,category1,50.54896,575.9870009
C18i,iteration11,665770000,category1,44.50136,487.6740183
C31i,iteration16,754550000,category1,58.38112,612.7056934
C24i,iteration21,862030000,category1,63.11888,676.9000921
C46i,iteration26,943455000,category1,63.96736,741.2374699
C89i,iteration31,1000281000,category1,65.525,962.4213805
C90i,iteration36,1084035000,category1,67.274,1378.904018
C90i,iteration41,1164970000,category1,68.69,1655.784158
C52i,iteration46,1230075000,category1,70.426,2289.234136
C25i,iteration51,1280400000,category1,72.028,3119.280896
C53i,iteration56,1318683096,category1,72.961,4959.114854
C48l,iteration1,12350771,category4,50.643,2144.115096
C30l,iteration6,14485993,category4,55.118,2323.805581
C29l,iteration11,17009885,category4,57.863,2492.351109
C45l,iteration16,19764027,category4,59.963,2678.729839
C11l,iteration21,22542890,category4,61.623,3264.660041
C14l,iteration26,25094412,category4,63.837,3815.80787
C60l,iteration31,27764644,category4,66.653,4397.575659
C17l,iteration36,30964245,category4,67.768,4903.2191
C79l,iteration41,34202721,category4,68.421,5444.648617
C64l,iteration46,37657830,category4,70.313,6117.361746
C15l,iteration51,41008227,category4,71.682,5755.259962
C94l,iteration56,44227550,category4,72.889,7006.580419
C23m,iteration1,153936,category3,40.715,1102.990936
C85m,iteration6,170928,category3,42.46,1211.148548
C33m,iteration11,191689,category3,44.467,1406.648278
C49m,iteration16,217378,category3,46.472,1876.029643
C37m,iteration21,250027,category3,48.944,1937.577675
C30m,iteration26,304739,category3,50.939,1172.603047
C41m,iteration31,348643,category3,52.933,1267.100083
C63m,iteration36,395114,category3,54.926,1315.980812
C23m,iteration41,454429,category3,57.939,1246.90737
C80m,iteration46,527982,category3,60.66,1173.618235
C34m,iteration51,614382,category3,62.974,1075.811558
C17m,iteration56,710960,category3,65.152,986.1478792
C14n,iteration1,14100005,category3,39.143,780.5423257
C28n,iteration6,15577932,category3,40.652,905.8602303
C61n,iteration11,17486434,category3,42.122,896.3146335
C74n,iteration16,19941073,category3,44.056,861.5932424
C22n,iteration21,23007669,category3,45.989,904.8960685
C99n,iteration26,26480870,category3,47.804,795.757282
C43n,iteration31,30646495,category3,47.784,673.7478181
C46n,iteration36,35481645,category3,47.412,672.774812
C74n,iteration41,41672143,category3,45.548,457.7191807
C29n,iteration46,47798986,category3,42.587,312.188423
C66n,iteration51,55379852,category3,44.966,241.1658765
C30n,iteration56,64606759,category3,46.462,277.5518587
C26n,iteration1,854885,category3,42.111,2125.621418
C99n,iteration6,940458,category3,45.053,2315.056572
C74n,iteration11,1047924,category3,48.435,2464.783157
C87n,iteration16,1179760,category3,52.04,2677.939642
C79n,iteration21,1340458,category3,54.907,3213.152683
C80n,iteration26,1536769,category3,55.625,3259.178978
C42n,iteration31,1774735,category3,56.695,4879.507522
C54n,iteration36,2064095,category3,57.47,4201.194937
C64n,iteration41,2409073,category3,56.433,4016.239529
C18n,iteration46,2800947,category3,52.962,3484.164376
C60n,iteration51,3328795,category3,52.97,3484.06197
C60n,iteration56,3800610,category3,55.322,3632.557798
C12s,iteration1,926317,category4,57.206,2627.009471
C21s,iteration6,1112300,category4,60.026,2990.010802
C30s,iteration11,1345187,category4,62.842,3460.937025
C59s,iteration16,1588717,category4,65.424,4161.727834
C53s,iteration21,1834796,category4,67.849,5118.146939
C64s,iteration26,2108457,category4,70.75,5926.876967
C16s,iteration31,2424367,category4,73.45,5262.734751
C64s,iteration36,2799811,category4,74.752,5629.915318
C49s,iteration41,3173216,category4,75.713,6160.416317
C98s,iteration46,3518107,category4,77.26,6677.045314
C99s,iteration51,3834934,category4,78.123,7723.447195
C49s,iteration56,4133884,category4,78.782,9645.06142
C90t,iteration1,2977019,category3,40.477,1388.594732
C89t,iteration6,3300000,category3,42.469,1500.895925
C85t,iteration11,3832408,category3,44.93,1728.869428
C41t,iteration16,4744870,category3,47.35,2052.050473
C93t,iteration21,6071696,category3,49.801,2378.201111
C46t,iteration26,7459574,category3,52.374,2517.736547
C62t,iteration31,9025951,category3,53.983,2602.710169
C86t,iteration36,10761098,category3,54.655,2156.956069
C55t,iteration41,12772596,category3,52.044,1648.073791
C88t,iteration46,14625967,category3,47.991,1786.265407
C89t,iteration51,16252726,category3,46.832,1648.800823
C69t,iteration56,18013409,category3,48.328,1544.750112
C88o,iteration1,3882229,category2,61.21,3119.23652
C85o,iteration6,3991242,category2,64.77,4338.231617
C72o,iteration11,4076557,category2,67.13,5477.890018
C56o,iteration16,4174366,category2,68.5,6960.297861
C58o,iteration21,4225310,category2,69.61,9164.090127
C92o,iteration26,4318673,category2,70.64,11305.38517
C95o,iteration31,4413368,category2,70.46,13221.82184
C47o,iteration36,4484310,category2,71.52,13822.58394
C13o,iteration41,4494013,category2,72.527,8447.794873
C50o,iteration46,4444595,category2,73.68,9875.604515
C67o,iteration51,4481020,category2,74.876,11628.38895
C70o,iteration56,4493312,category2,75.748,14619.22272
C29b,iteration1,6007797,category4,59.421,5586.53878
C12b,iteration6,6640752,category4,62.325,6092.174359
C73b,iteration11,7254373,category4,65.246,5180.75591
C59b,iteration16,8139332,category4,68.29,5690.268015
C97b,iteration21,8831348,category4,70.723,5305.445256
C12b,iteration26,9537988,category4,72.649,6380.494966
C90b,iteration31,9789224,category4,73.717,7316.918107
C46b,iteration36,10239839,category4,74.174,7532.924763
C12b,iteration41,10723260,category4,74.414,5592.843963
C49b,iteration46,10983007,category4,76.151,5431.990415
C48b,iteration51,11226999,category4,77.158,6340.646683
C52b,iteration56,11416987,category4,78.273,8948.102923
C43e,iteration1,9125183,category2,66.87,6876.14025
C62e,iteration6,9513758,category2,69.03,8256.343918
C24e,iteration11,9620282,category2,69.9,10136.86713
C48e,iteration16,9835109,category2,70.38,11399.44489
C82e,iteration21,9862158,category2,70.29,13108.4536
C49e,iteration26,10161915,category2,70.71,14800.16062
C34e,iteration31,10303704,category2,70.96,15377.22855
C84e,iteration36,10311597,category2,71.58,16310.4434
C21e,iteration41,10315702,category2,72.4,14297.02122
C78e,iteration46,10300707,category2,74.01,16048.51424
C38e,iteration51,10256295,category2,75.51,17596.21022
C55e,iteration56,10228744,category2,76.486,22833.30851
D12n,iteration1,4334000,category2,70.78,9692.385245
D94n,iteration6,4487831,category2,71.81,11099.65935
D23n,iteration11,4646899,category2,72.35,13583.31351
D61n,iteration16,4838800,category2,72.96,15937.21123
D60n,iteration21,4991596,category2,73.47,18866.20721
D84n,iteration26,5088419,category2,74.69,20422.9015
D13n,iteration31,5117810,category2,74.63,21688.04048
D98n,iteration36,5127024,category2,74.8,25116.17581
D86n,iteration41,5171393,category2,75.33,26406.73985
D86n,iteration46,5283663,category2,76.11,29804.34567
D78n,iteration51,5374693,category2,77.18,32166.50006
D68n,iteration56,5468120,category2,78.332,35278.41874
D81i,iteration1,63149,category3,34.812,2669.529475
D66i,iteration6,71851,category3,37.328,2864.969076
D15i,iteration11,89898,category3,39.693,3020.989263
D96i,iteration16,127617,category3,42.074,3020.050513
D36i,iteration21,178848,category3,44.366,3694.212352
D81i,iteration26,228694,category3,46.519,3081.761022
D63i,iteration31,305991,category3,48.812,2879.468067
D96i,iteration36,311025,category3,50.04,2880.102568
D81i,iteration41,384156,category3,51.604,2377.156192
D79i,iteration46,417908,category3,53.157,1895.016984
D93i,iteration51,447416,category3,53.373,1908.260867
D53i,iteration56,496374,category3,54.791,2082.481567
D44m,iteration1,2491346,category4,45.928,1397.717137
D81m,iteration6,2923186,category4,49.828,1544.402995
D50m,iteration11,3453434,category4,53.459,1662.137359
D80m,iteration16,4049146,category4,56.751,1653.723003
D59m,iteration21,4671329,category4,59.631,2189.874499
D71m,iteration26,5302800,category4,61.788,2681.9889
D60m,iteration31,5968349,category4,63.727,2861.092386
D37m,iteration36,6655297,category4,66.046,2899.842175
D97m,iteration41,7351181,category4,68.457,3044.214214
D57m,iteration46,7992357,category4,69.957,3614.101285
D13m,iteration51,8650322,category4,70.847,4563.808154
D71m,iteration56,9319622,category4,72.235,6025.374752
E39u,iteration1,3548753,category4,48.357,3522.110717
E61u,iteration6,4058385,category4,51.356,3780.546651
E66u,iteration11,4681707,category4,54.64,4086.114078
E32u,iteration16,5432424,category4,56.678,4579.074215
E96u,iteration21,6298651,category4,58.796,5280.99471
E64u,iteration26,7278866,category4,61.31,6679.62326
E53u,iteration31,8365850,category4,64.342,7213.791267
E61u,iteration36,9545158,category4,67.231,6481.776993
E20u,iteration41,10748394,category4,69.613,7103.702595
E95u,iteration46,11911819,category4,72.312,7429.455877
E45u,iteration51,12921234,category4,74.173,5773.044512
E20u,iteration56,13755680,category4,74.994,6873.262326
E53y,iteration1,22223309,category3,41.893,1418.822445
E77y,iteration6,25009741,category3,44.444,1458.915272
E67y,iteration11,28173309,category3,46.992,1693.335853
E64y,iteration16,31681188,category3,49.293,1814.880728
E48y,iteration21,34807417,category3,51.137,2024.008147
E63y,iteration26,38783863,category3,53.319,2785.493582
E11y,iteration31,45681811,category3,56.006,3503.729636
E23y,iteration36,52799062,category3,59.797,3885.46071
E69y,iteration41,59402198,category3,63.674,3794.755195
E77y,iteration46,66134291,category3,67.217,4173.181797
E81y,iteration51,73312559,category3,69.806,4754.604414
E47y,iteration56,80264543,category3,71.338,5581.180998
E96 ,iteration1,2042865,category4,45.262,3048.3029
E92 ,iteration6,2355805,category4,48.57,3421.523218
E51 ,iteration11,2747687,category4,52.307,3776.803627
E96 ,iteration16,3232927,category4,55.855,4358.595393
E60 ,iteration21,3790903,category4,58.207,4520.246008
E62 ,iteration26,4282586,category4,56.696,5138.922374
E79 ,iteration31,4474873,category4,56.604,4098.344175
E13 ,iteration36,4842194,category4,63.154,4140.442097
E73 ,iteration41,5274649,category4,66.798,4444.2317
E28 ,iteration46,5783439,category4,69.535,5154.825496
E90 ,iteration51,6353681,category4,70.734,5351.568666
E76 ,iteration56,6939688,category4,71.878,5728.353514
E77u,iteration1,216964,category3,34.482,375.6431231
E60u,iteration6,232922,category3,35.983,426.0964081
E64u,iteration11,249220,category3,37.485,582.8419714
E68u,iteration16,259864,category3,38.987,915.5960025
E60u,iteration21,277603,category3,40.516,672.4122571
E63u,iteration26,192675,category3,42.024,958.5668124
E60u,iteration31,285483,category3,43.662,927.8253427
E39u,iteration36,341244,category3,45.664,966.8968149
E15u,iteration41,387838,category3,47.545,1132.055034
E22u,iteration46,439971,category3,48.245,2814.480755
E28u,iteration51,495627,category3,49.348,7703.4959
E13u,iteration56,551201,category3,51.579,12154.08975
E36i,iteration1,1438760,category3,35.928,328.9405571
E99i,iteration6,1542611,category3,38.047,344.1618859
E46i,iteration11,1666618,category3,40.158,380.9958433
E98i,iteration16,1820319,category3,42.189,468.7949699
E39i,iteration21,2260187,category3,44.142,514.3242082
E92i,iteration26,2512642,category3,44.535,505.7538077
E85i,iteration31,2637297,category3,43.89,524.8758493
E89i,iteration36,2915959,category3,46.453,521.1341333
E92i,iteration41,3668440,category3,49.991,582.8585102
E40i,iteration46,4058319,category3,53.378,913.47079
E16i,iteration51,4414865,category3,55.24,765.3500015
E60i,iteration56,4906585,category3,58.04,641.3695236
E78h,iteration1,20860941,category3,34.078,362.1462796
E73h,iteration6,22815614,category3,36.667,378.9041632
E89h,iteration11,25145372,category3,40.059,419.4564161
E36h,iteration16,27860297,category3,42.115,516.1186438
E51h,iteration21,30770372,category3,43.515,566.2439442
E56h,iteration26,34617799,category3,44.51,556.8083834
E71h,iteration31,38111756,category3,44.916,577.8607471
E47h,iteration36,42999530,category3,46.684,573.7413142
E70h,iteration41,52088559,category3,48.091,421.3534653
E46h,iteration46,59861301,category3,49.402,515.8894013
E11h,iteration51,67946797,category3,50.725,530.0535319
E49h,iteration56,76511887,category3,52.947,690.8055759
F23n,iteration1,4090500,category2,66.55,6424.519071
F32n,iteration6,4324000,category2,67.49,7545.415386
F91n,iteration11,4491443,category2,68.75,9371.842561
F25n,iteration16,4605744,category2,69.83,10921.63626
F89n,iteration21,4639657,category2,70.87,14358.8759
F73n,iteration26,4738902,category2,72.52,15605.42283
F40n,iteration31,4826933,category2,74.55,18533.15761
F85n,iteration36,4931729,category2,74.83,21141.01223
F20n,iteration41,5041039,category2,75.7,20647.16499
F57n,iteration46,5134406,category2,77.13,23723.9502
F53n,iteration51,5193039,category2,78.37,28204.59057
F83n,iteration56,5238460,category2,79.313,33207.0844
F45a,iteration1,42459667,category2,67.41,7029.809327
F20a,iteration6,44310863,category2,68.93,8662.834898
F58a,iteration11,47124000,category2,70.51,10560.48553
F80a,iteration16,49569000,category2,71.55,12999.91766
F42a,iteration21,51732000,category2,72.38,16107.19171
F54a,iteration26,53165019,category2,73.83,18292.63514
F47a,iteration31,54433565,category2,74.89,20293.89746
F67a,iteration36,55630100,category2,76.34,22066.44214
F32a,iteration41,57374179,category2,77.46,24703.79615
F53a,iteration46,58623428,category2,78.64,25889.78487
F20a,iteration51,59925035,category2,79.59,28926.03234
F85a,iteration56,61083916,category2,80.657,30470.0167
G99b,iteration1,420702,category3,37.003,4293.476475
G56b,iteration6,434904,category3,38.999,4976.198099
G41b,iteration11,455661,category3,40.489,6631.459222
G32b,iteration16,489004,category3,44.598,8358.761987
G24b,iteration21,537977,category3,48.69,11401.94841
G34b,iteration26,706367,category3,52.79,21745.57328
G39b,iteration31,753874,category3,56.564,15113.36194
G57b,iteration36,880397,category3,60.19,11864.40844
G89b,iteration41,985739,category3,61.366,13522.15752
G17b,iteration46,1126189,category3,60.461,14722.84188
G77b,iteration51,1299304,category3,56.761,12521.71392
G94b,iteration56,1454867,category3,56.735,13206.48452
G45m,iteration1,284320,category3,30,485.2306591
G44m,iteration6,323150,category3,32.065,520.9267111
G66m,iteration11,374020,category3,33.896,599.650276
G75m,iteration16,439593,category3,35.857,734.7829124
G53m,iteration21,517101,category3,38.308,756.0868363
G60m,iteration26,608274,category3,41.842,884.7552507
G89m,iteration31,715523,category3,45.58,835.8096108
G36m,iteration36,848406,category3,49.265,611.6588611
G13m,iteration41,1025384,category3,52.644,665.6244126
G54m,iteration46,1235767,category3,55.861,653.7301704
G51m,iteration51,1457766,category3,58.041,660.5855997
G59m,iteration56,1688359,category3,59.448,752.7497265
G40r,iteration1,69145952,category2,67.5,7144.114393
G59r,iteration6,71019069,category2,69.1,10187.82665
G11r,iteration11,73739117,category2,70.3,12902.46291
G46r,iteration16,76368453,category2,70.8,14745.62561
G77r,iteration21,78717088,category2,71,18016.18027
G89r,iteration26,78160773,category2,72.5,20512.92123
G22r,iteration31,78335266,category2,73.8,22031.53274
G84r,iteration36,77718298,category2,74.847,24639.18566
G92r,iteration41,80597764,category2,76.07,26505.30317
G58r,iteration46,82011073,category2,77.34,27788.88416
G46r,iteration51,82350671,category2,78.67,30035.80198
G27r,iteration56,82400996,category2,79.406,32170.37442
G62a,iteration1,5581001,category3,43.149,911.2989371
G92a,iteration6,6391288,category3,44.779,1043.561537
G90a,iteration11,7355248,category3,46.452,1190.041118
G44a,iteration16,8490213,category3,48.072,1125.69716
G73a,iteration21,9354120,category3,49.875,1178.223708
G33a,iteration26,10538093,category3,51.756,993.2239571
G70a,iteration31,11400338,category3,53.744,876.032569
G50a,iteration36,14168101,category3,55.729,847.0061135
G99a,iteration41,16278738,category3,57.501,925.060154
G26a,iteration46,18418288,category3,58.556,1005.245812
G50a,iteration51,20550751,category3,58.453,1111.984578
G35a,iteration56,22873338,category3,60.022,1327.60891
G56e,iteration1,7733250,category2,65.86,3530.690067
G66e,iteration6,8096218,category2,67.86,4916.299889
G83e,iteration11,8448233,category2,69.51,6017.190733
G85e,iteration16,8716441,category2,71,8513.097016
G27e,iteration21,8888628,category2,72.34,12724.82957
G19e,iteration26,9308479,category2,73.68,14195.52428
G74e,iteration31,9786480,category2,75.24,15268.42089
G63e,iteration36,9974490,category2,76.67,16120.52839
G81e,iteration41,10325429,category2,77.03,17541.49634
G76e,iteration46,10502372,category2,77.869,18747.69814
G44e,iteration51,10603863,category2,78.256,22514.2548
G76e,iteration56,10706290,category2,79.483,27538.41188
G98a,iteration1,3146381,category4,42.023,2428.237769
G37a,iteration6,3640876,category4,44.142,2617.155967
G50a,iteration11,4208858,category4,46.954,2750.364446
G58a,iteration16,4690773,category4,50.016,3242.531147
G70a,iteration21,5149581,category4,53.738,4031.408271
G68a,iteration26,5703430,category4,56.029,4879.992748
G51a,iteration31,6395630,category4,58.137,4820.49479
G54a,iteration36,7326406,category4,60.782,4246.485974
G41a,iteration41,8486949,category4,63.373,4439.45084
G52a,iteration46,9803875,category4,66.322,4684.313807
G73a,iteration51,11178650,category4,68.978,4858.347495
G52a,iteration56,12572928,category4,70.259,5186.050003
G83i,iteration1,2664249,category3,33.609,510.1964923
G48i,iteration6,2876726,category3,34.558,576.2670245
G51i,iteration11,3140003,category3,35.753,686.3736739
G96i,iteration16,3451418,category3,37.197,708.7595409
G59i,iteration21,3811387,category3,38.842,741.6662307
G26i,iteration26,4227026,category3,40.762,874.6858643
G14i,iteration31,4710497,category3,42.891,857.2503577
G89i,iteration36,5650262,category3,45.552,805.5724718
G26i,iteration41,6990574,category3,48.576,794.3484384
G34i,iteration46,8048834,category3,51.455,869.4497668
G17i,iteration51,8807818,category3,53.676,945.5835837
G45i,iteration56,9947814,category3,56.007,942.6542111
G19i,iteration1,580653,category3,32.5,299.850319
G82i,iteration6,601095,category3,33.489,431.7904566
G53i,iteration11,627820,category3,34.488,522.0343725
G45i,iteration16,601287,category3,35.492,715.5806402
G47i,iteration21,625361,category3,36.486,820.2245876
G85i,iteration26,745228,category3,37.465,764.7259628
G24i,iteration31,825987,category3,39.327,838.1239671
G23i,iteration36,927524,category3,41.245,736.4153921
G23i,iteration41,1050938,category3,43.266,745.5398706
G37i,iteration46,1193708,category3,44.873,796.6644681
G50i,iteration51,1332459,category3,45.504,575.7047176
G66i,iteration56,1472041,category3,46.388,579.231743
H83i,iteration1,3201488,category4,37.579,1840.366939
H97i,iteration6,3507701,category4,40.696,1726.887882
H47i,iteration11,3880130,category4,43.59,1796.589032
H52i,iteration16,4318137,category4,46.243,1452.057666
H32i,iteration21,4698301,category4,48.042,1654.456946
H93i,iteration26,4908554,category4,49.923,1874.298931
H54i,iteration31,5198399,category4,51.461,2011.159549
H63i,iteration36,5756203,category4,53.636,1823.015995
H56i,iteration41,6326682,category4,55.089,1456.309517
H37i,iteration46,6913545,category4,56.671,1341.726931
H17i,iteration51,7607651,category4,58.137,1270.364932
H20i,iteration56,8502814,category4,60.916,1201.637154
H94n,iteration1,1517453,category4,41.912,2194.926204
H82n,iteration6,1770390,category4,44.665,2220.487682
H89n,iteration11,2090162,category4,48.041,2291.156835
H22n,iteration16,2500689,category4,50.924,2538.269358
H63n,iteration21,2965146,category4,53.884,2529.842345
H34n,iteration26,3055235,category4,57.402,3203.208066
H53n,iteration31,3669448,category4,60.909,3121.760794
H20n,iteration36,4372203,category4,64.492,3023.096699
H74n,iteration41,5077347,category4,66.399,3081.694603
H76n,iteration46,5867957,category4,67.659,3160.454906
H51n,iteration51,6677328,category4,68.565,3099.72866
H88n,iteration56,7483763,category4,70.198,3548.330846
H65n,iteration1,2125900,category1,60.96,3054.421209
H50n,iteration6,2736300,category1,64.75,3629.076457
H57n,iteration11,3305200,category1,67.65,4692.648272
H76n,iteration16,3722800,category1,70,6197.962814
H37n,iteration21,4115700,category1,72,8315.928145
H94n,iteration26,4583700,category1,73.6,11186.14125
H96n,iteration31,5264500,category1,75.45,14560.53051
H55n,iteration36,5584510,category1,76.2,20038.47269
H37n,iteration41,5829696,category1,77.601,24757.60301
H56n,iteration46,6495918,category1,80,28377.63219
H25n,iteration51,6762476,category1,81.495,30209.01516
H95n,iteration56,6980412,category1,82.208,39724.97867
H99n,iteration1,9504000,category2,64.03,5263.673816
H18n,iteration6,9839000,category2,66.41,6040.180011
H64n,iteration11,10063000,category2,67.96,7550.359877
H11n,iteration16,10223422,category2,69.5,9326.64467
H43n,iteration21,10394091,category2,69.76,10168.65611
H99n,iteration26,10637171,category2,69.95,11674.83737
H95n,iteration31,10705535,category2,69.39,12545.99066
H27n,iteration36,10612740,category2,69.58,12986.47998
H57n,iteration41,10348684,category2,69.17,10535.62855
H75n,iteration46,10244684,category2,71.04,11712.7768
H84n,iteration51,10083313,category2,72.59,14843.93556
H73n,iteration56,9956108,category2,73.338,18008.94444
I48e,iteration1,147962,category2,72.49,7267.688428
I18e,iteration6,165110,category2,73.47,9244.001412
I83e,iteration11,182053,category2,73.68,10350.15906
I42e,iteration16,198676,category2,73.73,13319.89568
I56e,iteration21,209275,category2,74.46,15798.06362
I54e,iteration26,221823,category2,76.11,19654.96247
I25e,iteration31,233997,category2,76.99,23269.6075
I14e,iteration36,244676,category2,77.23,26923.20628
I63e,iteration41,259012,category2,78.77,25144.39201
I83e,iteration46,271192,category2,78.95,28061.09966
I77e,iteration51,288030,category2,80.5,31163.20196
I42e,iteration56,301931,category2,81.757,36180.78919
I53d,iteration1,3.72E+08,category1,37.373,546.5657493
I34d,iteration6,4.09E+08,category1,40.249,590.061996
I80d,iteration11,4.54E+08,category1,43.605,658.3471509
I91d,iteration16,5.06E+08,category1,47.193,700.7706107
I76d,iteration21,5.67E+08,category1,50.651,724.032527
I63d,iteration26,6.34E+08,category1,54.208,813.337323
I85d,iteration31,7.08E+08,category1,56.596,855.7235377
I32d,iteration36,7.88E+08,category1,58.553,976.5126756
I99d,iteration41,8.72E+08,category1,60.223,1164.406809
I91d,iteration46,9.59E+08,category1,61.765,1458.817442
I39d,iteration51,1034172547,category1,62.879,1746.769454
I31d,iteration56,1110396331,category1,64.698,2452.210407
I69d,iteration1,82052000,category1,37.468,749.6816546
I90d,iteration6,90124000,category1,39.918,858.9002707
I85d,iteration11,99028000,category1,42.518,849.2897701
I79d,iteration16,109343000,category1,45.964,762.4317721
I33d,iteration21,121282000,category1,49.203,1111.107907
I22d,iteration26,136725000,category1,52.702,1382.702056
I79d,iteration31,153343000,category1,56.159,1516.872988
I95d,iteration36,169276000,category1,60.137,1748.356961
I18d,iteration41,184816000,category1,62.681,2383.140898
I31d,iteration46,199278000,category1,66.041,3119.335603
I24d,iteration51,211060000,category1,68.588,2873.91287
I46d,iteration56,223547000,category1,70.65,3540.651564
I89a,iteration1,17272000,category1,44.869,3035.326002
I90a,iteration6,19792000,category1,47.181,3290.257643
I90a,iteration11,22874000,category1,49.325,4187.329802
I52a,iteration16,26538000,category1,52.469,5906.731805
I25a,iteration21,30614000,category1,55.234,9613.818607
I53a,iteration26,35480679,category1,57.702,11888.59508
I48a,iteration31,43072751,category1,59.62,7608.334602
I30a,iteration36,51889696,category1,63.04,6642.881371
I29a,iteration41,60397973,category1,65.742,7235.653188
I45a,iteration46,63327987,category1,68.042,8263.590301
I11a,iteration51,66907826,category1,69.451,9240.761975
I14a,iteration56,69453570,category1,70.964,11605.71449
I60a,iteration1,5441766,category1,45.32,4129.766056
I17a,iteration6,6248643,category1,48.437,6229.333562
I79a,iteration11,7240260,category1,51.457,8341.737815
I64a,iteration16,8519282,category1,54.459,8931.459811
I15a,iteration21,10061506,category1,56.95,9576.037596
I94a,iteration26,11882916,category1,60.413,14688.23507
I23a,iteration31,14173318,category1,62.038,14517.90711
I85a,iteration36,16543189,category1,65.044,11643.57268
I33a,iteration41,17861905,category1,59.461,3745.640687
I49a,iteration46,20775703,category1,58.811,3076.239795
I37a,iteration51,24001816,category1,57.046,4390.717312
I30a,iteration56,27499638,category1,59.545,4471.061906
I41e,iteration1,2952156,category2,66.91,5210.280328
I63e,iteration6,2878220,category2,68.9,5599.077872
I23e,iteration11,2830000,category2,70.29,6631.597314
I80e,iteration16,2900100,category2,71.08,7655.568963
I34e,iteration21,3024400,category2,71.28,9530.772896
I17e,iteration26,3271900,category2,72.03,11150.98113
I14e,iteration31,3480000,category2,73.1,12618.32141
I28e,iteration36,3539900,category2,74.36,13872.86652
I61e,iteration41,3557761,category2,75.467,17558.81555
I74e,iteration46,3667233,category2,76.122,24521.94713
I22e,iteration51,3879155,category2,77.783,34077.04939
I99e,iteration56,4109086,category2,78.885,40675.99635
I43r,iteration1,1620914,category1,65.39,4086.522128
I46r,iteration6,1944401,category1,67.84,5385.278451
I74r,iteration11,2310904,category1,69.39,7105.630706
I29r,iteration16,2693585,category1,70.75,8393.741404
I66r,iteration21,3095893,category1,71.63,12786.93223
I30r,iteration26,3495918,category1,73.06,13306.61921
I26r,iteration31,3858421,category1,74.45,15367.0292
I99r,iteration36,4203148,category1,75.6,17122.47986
I74r,iteration41,4936550,category1,76.93,18051.52254
I87r,iteration46,5531387,category1,78.269,20896.60924
I79r,iteration51,6029529,category1,79.696,21905.59514
I80r,iteration56,6426679,category1,80.745,25523.2771
I42a,iteration1,47666000,category2,65.94,4931.404155
I54a,iteration6,49182000,category2,67.81,6248.656232
I64a,iteration11,50843200,category2,69.24,8243.58234
I18a,iteration16,52667100,category2,71.06,10022.40131
I60a,iteration21,54365564,category2,72.19,12269.27378
I60a,iteration26,56059245,category2,73.48,14255.98475
I12a,iteration31,56535636,category2,74.98,16537.4835
I21a,iteration36,56729703,category2,76.42,19207.23482
I30a,iteration41,56840847,category2,77.44,22013.64486
I59a,iteration46,57479469,category2,78.82,24675.02446
I53a,iteration51,57926999,category2,80.24,27968.09817
I64a,iteration56,58147733,category2,80.546,28569.7197
J16m,iteration1,1426095,category4,58.53,2898.530881
J64m,iteration6,1535090,category4,62.61,4756.525781
J49m,iteration11,1665128,category4,65.61,5246.107524
J98m,iteration16,1861096,category4,67.51,6124.703451
J99m,iteration21,1997616,category4,69,7433.889293
J49m,iteration26,2156814,category4,70.11,6650.195573
J90m,iteration31,2298309,category4,71.21,6068.05135
J89m,iteration36,2326606,category4,71.77,6351.237495
J85m,iteration41,2378618,category4,71.766,7404.923685
J41m,iteration46,2531311,category4,72.262,7121.924704
J93m,iteration51,2664659,category4,72.047,6994.774861
J46m,iteration56,2780132,category4,72.567,7320.880262
J62p,iteration1,86459025,category1,63.03,3216.956347
J86p,iteration6,91563009,category1,65.5,4317.694365
J55p,iteration11,95831757,category1,68.73,6576.649461
J88p,iteration16,100825279,category1,71.43,9847.788607
J89p,iteration21,107188273,category1,73.42,14778.78636
J69p,iteration26,113872473,category1,75.38,16610.37701
J88p,iteration31,118454974,category1,77.11,19384.10571
J85p,iteration36,122091325,category1,78.67,22375.94189
J72p,iteration41,124329269,category1,79.36,26824.89511
J56p,iteration46,125956499,category1,80.69,28816.58499
J58p,iteration51,127065841,category1,82,28604.5919
J92p,iteration56,127467972,category1,82.603,31656.06806
J95r,iteration1,607914,category1,43.158,1546.907807
J47r,iteration6,746559,category1,45.669,1886.080591
J13r,iteration11,933559,category1,48.126,2348.009158
J50r,iteration16,1255058,category1,51.629,2741.796252
J67r,iteration21,1613551,category1,56.528,2110.856309
J70r,iteration26,1937652,category1,61.134,2852.351568
J29r,iteration31,2347031,category1,63.739,4161.415959
J12r,iteration36,2820042,category1,65.869,4448.679912
J73r,iteration41,3867409,category1,68.015,3431.593647
J59r,iteration46,4526235,category1,69.772,3645.379572
J97r,iteration51,5307470,category1,71.263,3844.917194
J12r,iteration56,6053193,category1,72.535,4519.461171
K90n,iteration1,6464046,category3,42.27,853.540919
K46n,iteration6,7454779,category3,44.686,944.4383152
K12n,iteration11,8678557,category3,47.949,896.9663732
K49n,iteration16,10191512,category3,50.654,1056.736457
K48n,iteration21,12044785,category3,53.559,1222.359968
K52n,iteration26,14500404,category3,56.155,1267.613204
K43n,iteration31,17661452,category3,58.766,1348.225791
K62n,iteration36,21198082,category3,59.339,1361.936856
K24n,iteration41,25020539,category3,59.285,1341.921721
K48n,iteration46,28263827,category3,54.407,1360.485021
K82n,iteration51,31386842,category3,50.992,1287.514732
K49n,iteration56,35610177,category3,54.11,1463.249282
K34r,iteration1,8865488,category1,50.056,1088.277758
K84r,iteration6,9411381,category1,54.081,1571.134655
K21r,iteration11,10917494,category1,56.656,1621.693598
K78r,iteration16,12617009,category1,59.942,2143.540609
K38r,iteration21,14781241,category1,63.983,3701.621503
K55r,iteration26,16325320,category1,67.159,4106.301249
K12r,iteration31,17647518,category1,69.1,4106.525293
K94r,iteration36,19067554,category1,70.647,4106.492315
K23r,iteration41,20711375,category1,69.978,3726.063507
K61r,iteration46,21585105,category1,67.727,1690.756814
K60r,iteration51,22215365,category1,66.662,1646.758151
K84r,iteration56,23301725,category1,67.297,1593.06548
K13r,iteration1,20947571,category1,47.453,1030.592226
K98r,iteration6,22611552,category1,52.681,1487.593537
K86r,iteration11,26420307,category1,55.292,1536.344387
K86r,iteration16,30131000,category1,57.716,2029.228142
K78r,iteration21,33505000,category1,62.612,3030.87665
K68r,iteration26,36436000,category1,64.766,4657.22102
K81r,iteration31,39326000,category1,67.123,5622.942464
K66r,iteration36,41622000,category1,69.81,8533.088805
K15r,iteration41,43805450,category1,72.244,12104.27872
K96r,iteration46,46173816,category1,74.647,15993.52796
K36r,iteration51,47969150,category1,77.045,19233.98818
K81r,iteration56,49044790,category1,78.623,23348.13973
K63w,iteration1,160000,category1,55.565,108382.3529
K96w,iteration6,212846,category1,58.033,113523.1329
K81w,iteration11,358266,category1,60.47,95458.11176
K79w,iteration16,575003,category1,64.624,80894.88326
K93w,iteration21,841934,category1,67.712,109347.867
K53w,iteration26,1140357,category1,69.343,59265.47714
K44w,iteration31,1497494,category1,71.309,31354.03573
K81w,iteration36,1891487,category1,74.174,28118.42998
K50w,iteration41,1418095,category1,75.19,34932.91959
K80w,iteration46,1765345,category1,76.156,40300.61996
K59w,iteration51,2111561,category1,76.904,35110.10566
K71w,iteration56,2505559,category1,77.588,47306.98978
L60b,iteration1,1439529,category1,55.928,4834.804067
L37b,iteration6,1647412,category1,59.489,6089.786934
L97b,iteration11,1886848,category1,62.094,5714.560611
L57b,iteration16,2186894,category1,63.87,6006.983042
L13b,iteration21,2680018,category1,65.421,7486.384341
L71b,iteration26,3115787,category1,66.099,8659.696836
L39b,iteration31,3086876,category1,66.983,7640.519521
L61b,iteration36,3089353,category1,67.926,5377.091329
L66b,iteration41,3219994,category1,69.292,6890.806854
L32b,iteration46,3430388,category1,70.265,8754.96385
L96b,iteration51,3677780,category1,71.028,9313.93883
L64b,iteration56,3921278,category1,71.993,10461.05868
L53s,iteration1,748747,category3,42.138,298.8462121
L61s,iteration6,813338,category3,45.047,335.9971151
L20s,iteration11,893143,category3,47.747,411.8006266
L95s,iteration16,996380,category3,48.492,498.6390265
L45s,iteration21,1116779,category3,49.767,496.5815922
L20s,iteration26,1251524,category3,52.208,745.3695408
L53s,iteration31,1411807,category3,55.078,797.2631074
L77s,iteration36,1599200,category3,57.18,773.9932141
L67s,iteration41,1803195,category3,59.685,977.4862725
L64s,iteration46,1982823,category3,55.558,1186.147994
L48s,iteration51,2046772,category3,44.593,1275.184575
L63s,iteration56,2012649,category3,42.592,1569.331442
L11b,iteration1,863308,category3,38.48,575.5729961
L23b,iteration6,975950,category3,39.486,620.9699901
L69b,iteration11,1112796,category3,40.502,634.1951625
L77b,iteration16,1279406,category3,41.536,713.6036483
L81b,iteration21,1482628,category3,42.614,803.0054535
L47b,iteration26,1703617,category3,43.764,640.3224383
L96b,iteration31,1956875,category3,44.852,572.1995694
L92b,iteration36,2269414,category3,46.027,506.1138573
L51b,iteration41,1912974,category3,40.802,636.6229191
L96b,iteration46,2200725,category3,42.221,609.1739508
L60b,iteration51,2814651,category3,43.753,531.4823679
L62b,iteration56,3193942,category3,45.678,414.5073415
L79b,iteration1,1019729,category3,42.723,2387.54806
L13b,iteration6,1201578,category3,45.289,3448.284395
L73b,iteration11,1441863,category3,47.808,6757.030816
L28b,iteration16,1759224,category3,50.227,18772.75169
L90b,iteration21,2183877,category3,52.773,21011.49721
L76b,iteration26,2721783,category3,57.442,21951.21176
L77b,iteration31,3344074,category3,62.155,17364.27538
L60b,iteration36,3799845,category3,66.234,11770.5898
L64b,iteration41,4364501,category3,68.755,9640.138501
L68b,iteration46,4759670,category3,71.555,9467.446056
L60b,iteration51,5368585,category3,72.737,9534.677467
L63b,iteration56,6036914,category3,73.952,12057.49928
M60d,iteration1,4762912,category3,36.681,1443.011715
M39d,iteration6,5181679,category3,38.865,1589.20275
M15d,iteration11,5703324,category3,40.848,1643.38711
M22d,iteration16,6334556,category3,42.881,1634.047282
M28d,iteration21,7082430,category3,44.851,1748.562982
M13d,iteration26,8007166,category3,46.881,1544.228586
M36d,iteration31,9171477,category3,48.969,1302.878658
M99d,iteration36,10568642,category3,49.35,1155.441948
M46d,iteration41,12210395,category3,52.214,1040.67619
M98d,iteration46,14165114,category3,54.978,986.2958956
M39d,iteration51,16473477,category3,57.286,894.6370822
M92d,iteration56,19167654,category3,59.443,1044.770126
M85l,iteration1,2917802,category3,36.256,369.1650802
M89l,iteration6,3221238,category3,37.207,416.3698064
M92l,iteration11,3628608,category3,38.41,427.9010856
M40l,iteration16,4147252,category3,39.487,495.5147806
M16l,iteration21,4730997,category3,41.766,584.6219709
M60l,iteration26,5637246,category3,43.767,663.2236766
M78l,iteration31,6502825,category3,45.642,632.8039209
M73l,iteration36,7824747,category3,47.457,635.5173634
M89l,iteration41,10014249,category3,49.42,563.2000145
M36l,iteration46,10419991,category3,47.495,692.2758103
M51l,iteration51,11824495,category3,45.009,665.4231186
M56l,iteration56,13327079,category3,48.303,759.3499101
M71l,iteration1,6748378,category1,48.463,1831.132894
M47l,iteration6,7739235,category1,52.102,1810.066992
M70l,iteration11,8906385,category1,55.737,2036.884944
M46l,iteration16,10154878,category1,59.371,2277.742396
M11l,iteration21,11441462,category1,63.01,2849.09478
M49l,iteration26,12845381,category1,65.256,3827.921571
M23l,iteration31,14441916,category1,68,4920.355951
M32l,iteration36,16331785,category1,69.5,5249.802653
M91l,iteration41,18319502,category1,70.693,7277.912802
M25l,iteration46,20476091,category1,71.938,10132.90964
M89l,iteration51,22662365,category1,73.044,10206.97794
M73l,iteration56,24821286,category1,74.241,12451.6558
M40l,iteration1,3838168,category3,33.685,452.3369807
M85l,iteration6,4241884,category3,35.307,490.3821867
M20l,iteration11,4690372,category3,36.936,496.1743428
M57l,iteration16,5212416,category3,38.487,545.0098873
M53l,iteration21,5828158,category3,39.977,581.3688761
M83l,iteration26,6491649,category3,41.714,686.3952693
M45l,iteration31,6998256,category3,43.916,618.0140641
M20l,iteration36,7634008,category3,46.364,684.1715576
M58l,iteration41,8416215,category3,48.388,739.014375
M80l,iteration46,9384984,category3,49.903,790.2579846
M42l,iteration51,10580176,category3,51.818,951.4097518
M54l,iteration56,12031795,category3,54.467,1042.581557
M47u,iteration1,1022556,category3,40.543,743.1159097
M67u,iteration6,1076852,category3,42.338,846.1202613
M32u,iteration11,1146757,category3,44.248,1055.896036
M53u,iteration16,1230542,category3,46.289,1421.145193
M20u,iteration21,1332786,category3,48.437,1586.851781
M85u,iteration26,1456688,category3,50.852,1497.492223
M99u,iteration31,1622136,category3,53.599,1481.150189
M56u,iteration36,1841240,category3,56.145,1421.603576
M41u,iteration41,2119465,category3,58.333,1361.369784
M32u,iteration46,2444741,category3,60.43,1483.136136
M24u,iteration51,2828858,category3,62.247,1579.019543
M34u,iteration56,3270065,category3,64.164,1803.151496
M39u,iteration1,516556,category3,50.986,1967.955707
M57u,iteration6,609816,category3,58.089,2034.037981
M89u,iteration11,701016,category3,60.246,2529.067487
M17u,iteration16,789309,category3,61.557,2475.387562
M77u,iteration21,851334,category3,62.944,2575.484158
M94u,iteration26,913025,category3,64.93,3710.982963
M45u,iteration31,992040,category3,66.711,3688.037739
M44u,iteration36,1042663,category3,68.74,4783.586903
M66u,iteration41,1096202,category3,69.745,6058.253846
M75u,iteration46,1149818,category3,70.736,7425.705295
M53u,iteration51,1200206,category3,71.954,9021.815894
M60u,iteration56,1250882,category3,72.801,10956.99112
M89x,iteration1,30144317,category4,50.789,3478.125529
M36x,iteration6,35015548,category4,55.19,4131.546641
M13x,iteration11,41121485,category4,58.299,4581.609385
M54x,iteration16,47995559,category4,60.11,5754.733883
M51x,iteration21,55984294,category4,62.361,6809.40669
M59x,iteration26,63759976,category4,65.032,7674.929108
M40x,iteration31,71640904,category4,67.405,9611.147541
M59x,iteration36,80122492,category4,69.498,8688.156003
M11x,iteration41,88111030,category4,71.455,9472.384295
M46x,iteration46,95895146,category4,73.67,9767.29753
M77x,iteration51,102479927,category4,74.902,10742.44053
M89x,iteration56,108700891,category4,76.195,11977.57496
M22n,iteration1,800663,category1,42.244,786.5668575
M84n,iteration6,882134,category1,45.248,912.6626085
M92n,iteration11,1010280,category1,48.251,1056.353958
M58n,iteration16,1149500,category1,51.253,1226.04113
M46n,iteration21,1320500,category1,53.754,1421.741975
M27n,iteration26,1528000,category1,55.491,1647.511665
M62n,iteration31,1756032,category1,57.489,2000.603139
M92n,iteration36,2015133,category1,60.222,2338.008304
M90n,iteration41,2312802,category1,61.271,1785.402016
M44n,iteration46,2494803,category1,63.625,1902.2521
M73n,iteration51,2674234,category1,65.033,2140.739323
M33n,iteration56,2874127,category1,66.803,3095.772271
M70n,iteration1,413834,category2,59.164,2647.585601
M50n,iteration6,442829,category2,61.448,3682.259903
M99n,iteration11,474528,category2,63.728,4649.593785
M26n,iteration16,501035,category2,67.178,5907.850937
M50n,iteration21,527678,category2,70.636,7778.414017
M35n,iteration26,560073,category2,73.066,9595.929905
M56n,iteration31,562548,category2,74.101,11222.58762
M66n,iteration36,569473,category2,74.865,11732.51017
M83n,iteration41,621621,category2,75.435,7003.339037
M85n,iteration46,692651,category2,75.445,6465.613349
M27n,iteration51,720230,category2,73.981,6557.194282
M19n,iteration56,684736,category2,74.543,9253.896111
M74r,iteration1,9939217,category3,42.873,1688.20357
M63r,iteration6,11406350,category3,45.423,1642.002314
M81r,iteration11,13056604,category3,47.924,1566.353493
M76r,iteration16,14770296,category3,50.335,1711.04477
M44r,iteration21,16660670,category3,52.862,1930.194975
M76r,iteration26,18396941,category3,55.73,2370.619976
M98r,iteration31,20198730,category3,59.65,2702.620356
M37r,iteration36,22987397,category3,62.677,2755.046991
M50r,iteration41,25798239,category3,65.393,2948.047252
M58r,iteration46,28529501,category3,67.66,2982.101858
M70r,iteration51,31167783,category3,69.615,3258.495584
M68r,iteration56,33757175,category3,71.164,3820.17523
M51z,iteration1,6446316,category3,31.286,468.5260381
M54z,iteration6,7038035,category3,33.779,495.5868333
M41z,iteration11,7788944,category3,36.161,556.6863539
M52z,iteration16,8680909,category3,38.113,566.6691539
M73z,iteration21,9809596,category3,40.328,724.9178037
M52z,iteration26,11127868,category3,42.495,502.3197334
M83z,iteration31,12587223,category3,42.795,462.2114149
M48z,iteration36,12891952,category3,42.861,389.8761846
M51z,iteration41,13160731,category3,44.284,410.8968239
M96z,iteration46,16603334,category3,46.344,472.3460771
M59z,iteration51,18473780,category3,44.026,633.6179466
M26z,iteration56,19951656,category3,42.082,823.6856205
M14a,iteration1,20092996,category1,36.319,331
M89a,iteration6,21731844,category1,41.905,350
M26a,iteration11,23634436,category1,45.108,388
M34a,iteration16,25870271,category1,49.379,349
M17a,iteration21,28466390,category1,53.07,357
M45a,iteration26,31528087,category1,56.059,371
M19a,iteration31,34680442,category1,58.056,424
M82a,iteration36,38028578,category1,58.339,385
M53a,iteration41,40546538,category1,59.32,347
M45a,iteration46,43247867,category1,60.328,415
M47a,iteration51,45598081,category1,59.908,611
M85a,iteration56,47761980,category1,62.069,944
N24m,iteration1,485831,category3,41.725,2423.780443
N23m,iteration6,548080,category3,45.226,2621.448058
N23m,iteration11,621392,category3,48.386,3173.215595
N37m,iteration16,706640,category3,51.159,3793.694753
N50m,iteration21,821782,category3,53.867,3746.080948
N66m,iteration26,977026,category3,56.437,3876.485958
N83m,iteration31,1099010,category3,58.968,4191.100511
N97m,iteration36,1278184,category3,60.835,3693.731337
N47m,iteration41,1554253,category3,61.999,3804.537999
N52m,iteration46,1774766,category3,58.909,3899.52426
N32m,iteration51,1972153,category3,51.479,4072.324751
N93m,iteration56,2055080,category3,52.906,4811.060429
N54p,iteration1,9182536,category1,36.157,545.8657229
N63p,iteration6,9682338,category1,37.686,597.9363558
N56p,iteration11,10332057,category1,39.393,652.3968593
N37p,iteration16,11261690,category1,41.472,676.4422254
N17p,iteration21,12412593,category1,43.971,674.7881296
N20p,iteration26,13933198,category1,46.748,694.1124398
N94p,iteration31,15796314,category1,49.594,718.3730947
N82p,iteration36,17917180,category1,52.537,775.6324501
N89p,iteration41,20326209,category1,55.727,897.7403604
N22p,iteration46,23001113,category1,59.426,1010.892138
N63p,iteration51,25873917,category1,61.34,1057.206311
N34p,iteration56,28901790,category1,63.785,1091.359778
N53t,iteration1,10381988,category2,72.13,8941.571858
N20t,iteration6,11026383,category2,72.99,11276.19344
N74t,iteration11,11805689,category2,73.23,12790.84956
N76t,iteration16,12596822,category2,73.82,15363.25136
N51t,iteration21,13329874,category2,73.75,18794.74567
N88t,iteration26,13852989,category2,75.24,21209.0592
N65t,iteration31,14310401,category2,76.05,21399.46046
N50t,iteration36,14665278,category2,76.83,23651.32361
N57t,iteration41,15174244,category2,77.42,26790.94961
N76t,iteration46,15604464,category2,78.03,30246.13063
N37t,iteration51,16122830,category2,78.53,33724.75778
N94t,iteration56,16570613,category2,79.762,36797.93332
N96w,iteration1,1994794,category5,69.39,10556.57566
N55w,iteration6,2229407,category5,70.26,12247.39532
N37w,iteration11,2488550,category5,71.24,13175.678
N56w,iteration16,2728150,category5,71.52,14463.91893
N25w,iteration21,2929100,category5,71.89,16046.03728
N95w,iteration26,3164900,category5,72.22,16233.7177
N99w,iteration31,3210650,category5,73.84,17632.4104
N18w,iteration36,3317166,category5,74.32,19007.19129
N64w,iteration41,3437674,category5,76.33,18363.32494
N11w,iteration46,3676187,category5,77.55,21050.41377
N43w,iteration51,3908037,category5,79.11,23189.80135
N99w,iteration56,4115771,category5,80.204,25185.00911
N95c,iteration1,1165790,category4,42.314,3112.363948
N27c,iteration6,1358828,category4,45.432,3457.415947
N57c,iteration11,1590597,category4,48.632,3634.364406
N75c,iteration16,1865490,category4,51.884,4643.393534
N84c,iteration21,2182908,category4,55.151,4688.593267
N73c,iteration26,2554598,category4,57.47,5486.371089
N48c,iteration31,2979423,category4,59.298,3470.338156
N18c,iteration36,3344353,category4,62.008,2955.984375
N83c,iteration41,4017939,category4,65.843,2170.151724
N42c,iteration46,4609572,category4,68.426,2253.023004
N56c,iteration51,5146848,category4,70.836,2474.548819
N54c,iteration56,5675356,category4,72.899,2749.320965
N25g,iteration1,3379468,category3,37.444,761.879376
N14g,iteration6,3692184,category3,38.598,835.5234025
N63g,iteration11,4076008,category3,39.487,997.7661127
N83g,iteration16,4534062,category3,40.118,1054.384891
N77g,iteration21,5060262,category3,40.546,954.2092363
N42g,iteration26,5682086,category3,41.291,808.8970728
N53g,iteration31,6437188,category3,42.598,909.7221354
N34g,iteration36,7332638,category3,44.555,668.3000228
N80g,iteration41,8392818,category3,47.391,581.182725
N91g,iteration46,9666252,category3,51.313,580.3052092
N76g,iteration51,11140655,category3,54.496,601.0745012
N63g,iteration56,12894865,category3,56.867,619.6768924
N85g,iteration1,33119096,category3,36.324,1077.281856
N32g,iteration6,37173340,category3,37.802,1100.592563
N99g,iteration11,41871351,category3,39.36,1150.927478
N91g,iteration16,47287752,category3,41.04,1014.514104
N39g,iteration21,53740085,category3,42.821,1698.388838
N31g,iteration26,62209173,category3,44.514,1981.951806
N69g,iteration31,73039376,category3,45.826,1576.97375
N90g,iteration36,81551520,category3,46.886,1385.029563
N85g,iteration41,93364244,category3,47.472,1619.848217
N79g,iteration46,106207839,category3,47.464,1624.941275
N33g,iteration51,119901274,category3,46.608,1615.286395
N22g,iteration56,135031164,category3,46.859,2013.977305
N79r,iteration1,3327728,category2,72.67,10095.42172
N95r,iteration6,3491938,category2,73.44,11653.97304
N18r,iteration11,3638919,category2,73.47,13450.40151
N31r,iteration16,3786019,category2,74.08,16361.87647
N24r,iteration21,3933004,category2,74.34,18965.05551
N46r,iteration26,4043205,category2,75.37,23311.34939
N89r,iteration31,4114787,category2,75.97,26298.63531
N90r,iteration36,4186147,category2,75.89,31540.9748
N90r,iteration41,4286357,category2,77.32,33965.66115
N52r,iteration46,4405672,category2,78.32,41283.16433
N25r,iteration51,4535591,category2,79.05,44683.97525
N53r,iteration56,4627926,category2,80.196,49357.19017
O48a,iteration1,507833,category1,37.578,1828.230307
O30a,iteration6,561977,category1,40.08,2242.746551
O29a,iteration11,628164,category1,43.165,2924.638113
O45a,iteration16,714775,category1,46.988,4720.942687
O11a,iteration21,829050,category1,52.143,10618.03855
O14a,iteration26,1004533,category1,57.367,11848.34392
O60a,iteration31,1301048,category1,62.728,12954.79101
O17a,iteration36,1593882,category1,67.734,18115.22313
O79a,iteration41,1915208,category1,71.197,18616.70691
O64a,iteration46,2283635,category1,72.499,19702.05581
O15a,iteration51,2713462,category1,74.193,19774.83687
O94a,iteration56,3204897,category1,75.64,22316.19287
P23k,iteration1,41346560,category1,43.436,684.5971438
P85k,iteration6,46679944,category1,45.557,747.0835292
P33k,iteration11,53100671,category1,47.67,803.3427418
P49k,iteration16,60641899,category1,49.8,942.4082588
P37k,iteration21,69325921,category1,51.929,1049.938981
P30k,iteration26,78152686,category1,54.043,1175.921193
P41k,iteration31,91462088,category1,56.158,1443.429832
P63k,iteration36,105186881,category1,58.245,1704.686583
P23k,iteration41,120065004,category1,60.838,1971.829464
P80k,iteration46,135564834,category1,61.818,2049.350521
P34k,iteration51,153403524,category1,63.61,2092.712441
P17k,iteration56,169270617,category1,65.483,2605.94758
P14n,iteration1,940080,category4,55.191,2480.380334
P28n,iteration6,1063506,category4,59.201,2961.800905
P61n,iteration11,1215725,category4,61.817,3536.540301
P74n,iteration16,1405486,category4,64.071,4421.009084
P22n,iteration21,1616384,category4,66.216,5364.249663
P99n,iteration26,1839782,category4,68.681,5351.912144
P43n,iteration31,2036305,category4,70.472,7009.601598
P46n,iteration36,2253639,category4,71.523,7034.779161
P74n,iteration41,2484997,category4,72.462,6618.74305
P29n,iteration46,2734531,category4,73.738,7113.692252
P66n,iteration51,2990875,category4,74.712,7356.031934
P30n,iteration56,3242173,category4,75.537,9809.185636
P26r,iteration1,1555876,category4,62.649,1952.308701
P99r,iteration6,1770902,category4,63.196,2046.154706
P74r,iteration11,2009813,category4,64.361,2148.027146
P87r,iteration16,2287985,category4,64.951,2299.376311
P79r,iteration21,2614104,category4,65.815,2523.337977
P80r,iteration26,2984494,category4,66.353,3248.373311
P42r,iteration31,3366439,category4,66.874,4258.503604
P54r,iteration36,3886512,category4,67.378,3998.875695
P64r,iteration41,4483945,category4,68.225,4196.411078
P18r,iteration46,5154123,category4,69.4,4247.400261
P60r,iteration51,5884491,category4,70.755,3783.674243
P60r,iteration56,6667147,category4,71.752,4172.838464
P12r,iteration1,8025700,category4,43.902,3758.523437
P21r,iteration6,9146100,category4,46.263,4245.256698
P30r,iteration11,10516500,category4,49.096,4957.037982
P59r,iteration16,12132200,category4,51.445,5788.09333
P53r,iteration21,13954700,category4,55.448,5937.827283
P64r,iteration26,15990099,category4,58.447,6281.290855
P16r,iteration31,18125129,category4,61.406,6434.501797
P64r,iteration36,20195924,category4,64.134,6360.943444
P49r,iteration41,22430449,category4,66.458,4446.380924
P98r,iteration46,24748122,category4,68.386,5838.347657
P99r,iteration51,26769436,category4,69.906,5909.020073
P49r,iteration56,28674757,category4,71.421,7408.905561
P90i,iteration1,22438691,category1,47.752,1272.880995
P89i,iteration6,26072194,category1,51.334,1547.944844
P85i,iteration11,30325264,category1,54.757,1649.552153
P41i,iteration16,35356600,category1,56.393,1814.12743
P93i,iteration21,40850141,category1,58.065,1989.37407
P46i,iteration26,46850962,category1,60.06,2373.204287
P62i,iteration31,53456774,category1,62.082,2603.273765
P86i,iteration36,60017788,category1,64.151,2189.634995
P55i,iteration41,67185766,category1,66.458,2279.324017
P88i,iteration46,75012988,category1,68.564,2536.534925
P89i,iteration51,82995088,category1,70.303,2650.921068
P69i,iteration56,91077287,category1,71.688,3190.481016
P88l,iteration1,25730551,category2,61.31,4029.329699
P85l,iteration6,28235346,category2,65.77,4734.253019
P72l,iteration11,30329617,category2,67.64,5338.752143
P56l,iteration16,31785378,category2,69.61,6557.152776
P58l,iteration21,33039545,category2,70.85,8006.506993
P92l,iteration26,34621254,category2,70.67,9508.141454
P95l,iteration31,36227381,category2,71.32,8451.531004
P47l,iteration36,37740710,category2,70.98,9082.351172
P13l,iteration41,38370697,category2,70.99,7738.881247
P50l,iteration46,38654957,category2,72.75,10159.58368
P67l,iteration51,38625976,category2,74.67,12002.23908
P70l,iteration56,38518241,category2,75.563,15389.92468
P29r,iteration1,8526050,category2,59.82,3068.319867
P12r,iteration6,8817650,category2,61.51,3774.571743
P73r,iteration11,9019800,category2,64.39,4727.954889
P59r,iteration16,9103000,category2,66.6,6361.517993
P97r,iteration21,8970450,category2,69.26,9022.247417
P12r,iteration26,9662600,category2,70.41,10172.48572
P90r,iteration31,9859650,category2,72.77,11753.84291
P46r,iteration36,9915289,category2,74.06,13039.30876
P12r,iteration41,9927680,category2,74.86,16207.26663
P49r,iteration46,10156415,category2,75.97,17641.03156
P48r,iteration51,10433867,category2,77.29,19970.90787
P52r,iteration56,10642836,category2,78.098,20509.64777
P43e,iteration1,2227000,category4,64.28,3081.959785
P62e,iteration6,2260000,category4,68.54,3907.156189
P24e,iteration11,2448046,category4,69.62,5108.34463
P48e,iteration16,2648961,category4,71.1,6929.277714
P82e,iteration21,2847132,category4,72.16,9123.041742
P49e,iteration26,3080828,category4,73.44,9770.524921
P34e,iteration31,3279001,category4,73.75,10330.98915
P84e,iteration36,3444468,category4,74.63,12281.34191
P21e,iteration41,3585176,category4,73.911,14641.58711
P78e,iteration46,3759430,category4,74.917,16999.4333
P38e,iteration51,3859606,category4,77.778,18855.60618
P55e,iteration56,3942491,category4,78.746,19328.70901
R12u,iteration1,257700,category3,52.724,2718.885295
R94u,iteration6,308700,category3,55.09,2769.451844
R23u,iteration11,358900,category3,57.666,3173.72334
R61u,iteration16,414024,category3,60.542,4021.175739
R60u,iteration21,461633,category3,64.274,5047.658563
R84u,iteration26,492095,category3,67.064,4319.804067
R13u,iteration31,517810,category3,69.885,5267.219353
R98u,iteration36,562035,category3,71.913,5303.377488
R86u,iteration41,622191,category3,73.615,6101.255823
R86u,iteration46,684810,category3,74.772,6071.941411
R78u,iteration51,743981,category3,75.744,6316.1652
R68u,iteration56,798094,category3,76.442,7670.122558
R81m,iteration1,16630000,category2,61.05,3144.613186
R66m,iteration6,17829327,category2,64.1,3943.370225
R15m,iteration11,18680721,category2,66.8,4734.997586
R96m,iteration16,19284814,category2,66.8,6470.866545
R36m,iteration21,20662648,category2,69.21,8011.414402
R81m,iteration26,21658597,category2,69.46,9356.39724
R63m,iteration31,22356726,category2,69.66,9605.314053
R96m,iteration36,22686371,category2,69.53,9696.273295
R81m,iteration41,22797027,category2,69.36,6598.409903
R79m,iteration46,22562458,category2,69.72,7346.547557
R93m,iteration51,22404337,category2,71.322,7885.360081
R53m,iteration56,22276056,category2,72.476,10808.47561
R44a,iteration1,2534927,category3,40,493.3238752
R81a,iteration6,2822082,category3,41.5,540.2893983
R50a,iteration11,3051242,category3,43,597.4730727
R80a,iteration16,3451079,category3,44.1,510.9637142
R59a,iteration21,3992121,category3,44.6,590.5806638
R71a,iteration26,4657072,category3,45,670.0806011
R60a,iteration31,5507565,category3,46.218,881.5706467
R37a,iteration36,6349365,category3,44.02,847.991217
R97a,iteration41,7290203,category3,23.599,737.0685949
R57a,iteration46,7212583,category3,36.087,589.9445051
R13a,iteration51,7852401,category3,43.413,785.6537648
R71a,iteration56,8860588,category3,46.242,863.0884639
S39o,iteration1,60011,category3,46.471,879.5835855
S61o,iteration6,61325,category3,48.945,860.7369026
S66o,iteration11,65345,category3,51.893,1071.551119
S32o,iteration16,70787,category3,54.425,1384.840593
S96o,iteration21,76595,category3,56.48,1532.985254
S64o,iteration26,86796,category3,58.55,1737.561657
S53o,iteration31,98593,category3,60.351,1890.218117
S61o,iteration36,110812,category3,61.728,1516.525457
S20o,iteration41,125911,category3,62.742,1428.777814
S95o,iteration46,145608,category3,63.306,1339.076036
S45o,iteration51,170372,category3,64.337,1353.09239
S20o,iteration56,199579,category3,65.528,1598.435089
S53u,iteration1,4005677,category1,39.875,6459.554823
S77u,iteration6,4419650,category1,42.868,8157.591248
S67u,iteration11,4943029,category1,45.914,11626.41975
S64u,iteration16,5618198,category1,49.901,16903.04886
S48u,iteration21,6472756,category1,53.886,24837.42865
S63u,iteration26,8128505,category1,58.69,34167.7626
S11u,iteration31,11254672,category1,63.012,33693.17525
S23u,iteration36,14619745,category1,66.295,21198.26136
S69u,iteration41,16945857,category1,68.768,24841.61777
S77u,iteration46,21229759,category1,70.533,20586.69019
S81u,iteration51,24501530,category1,71.626,19014.54118
S47u,iteration56,27601038,category1,72.777,21654.83194
S96n,iteration1,2755589,category3,37.278,1450.356983
S92n,iteration6,3054547,category3,39.329,1567.653006
S51n,iteration11,3430243,category3,41.454,1654.988723
S96n,iteration16,3965841,category3,43.563,1612.404632
S60n,iteration21,4588696,category3,45.815,1597.712056
S62n,iteration26,5260855,category3,48.879,1561.769116
S79n,iteration31,6147783,category3,52.379,1518.479984
S13n,iteration36,7171347,category3,55.769,1441.72072
S73n,iteration41,8307920,category3,58.196,1367.899369
S28n,iteration46,9535314,category3,60.187,1392.368347
S90n,iteration51,10870037,category3,61.6,1519.635262
S76n,iteration56,12267493,category3,63.062,1712.472136
S77r,iteration1,6860147,category2,57.996,3581.459448
S60r,iteration6,7271135,category2,61.685,4981.090891
S64r,iteration11,7616060,category2,64.531,6289.629157
S68r,iteration16,7971222,category2,66.914,7991.707066
S60r,iteration21,8313288,category2,68.7,10522.06749
S63r,iteration26,8686367,category2,70.3,12980.66956
S60r,iteration31,9032824,category2,70.162,15181.0927
S39r,iteration36,9230783,category2,71.218,15870.87851
S15r,iteration41,9826397,category2,71.659,9325.068238
S22r,iteration46,10336594,category2,72.232,7914.320304
S28r,iteration51,10111559,category2,73.213,7236.075251
S13r,iteration56,10150265,category2,74.002,9786.534714
S36e,iteration1,2143249,category3,30.331,879.7877358
S99e,iteration6,2295678,category3,31.57,1004.484437
S46e,iteration11,2467895,category3,32.767,1116.639877
S98e,iteration16,2662190,category3,34.113,1206.043465
S39e,iteration21,2879013,category3,35.4,1353.759762
S92e,iteration26,3140897,category3,36.788,1348.285159
S85e,iteration31,3464522,category3,38.445,1465.010784
S89e,iteration36,3868905,category3,40.006,1294.447788
S92e,iteration41,4260884,category3,38.333,1068.696278
S40e,iteration46,4578212,category3,39.897,574.6481576
S16e,iteration51,5359092,category3,41.012,699.489713
S60e,iteration56,6144562,category3,42.568,862.5407561
S78n,iteration1,1127000,category1,60.396,2315.138227
S73n,iteration6,1445929,category1,63.179,2843.104409
S89n,iteration11,1750200,category1,65.798,3674.735572
S36n,iteration16,1977600,category1,67.946,4977.41854
S51n,iteration21,2152400,category1,69.521,8597.756202
S56n,iteration26,2325300,category1,70.795,11210.08948
S71n,iteration31,2651869,category1,71.76,15169.16112
S47n,iteration36,2794552,category1,73.56,18861.53081
S70n,iteration41,3235865,category1,75.788,24769.8912
S46n,iteration46,3802309,category1,77.158,33519.4766
S11n,iteration51,4197776,category1,78.77,36023.1054
S49n,iteration56,4553009,category1,79.972,47143.17964
S23o,iteration1,3558137,category2,64.36,5074.659104
S32o,iteration6,3844277,category2,67.45,6093.26298
S91o,iteration11,4237384,category2,70.33,7481.107598
S25o,iteration16,4442238,category2,70.98,8412.902397
S89o,iteration21,4593433,category2,70.35,9674.167626
S73o,iteration26,4827803,category2,70.45,10922.66404
S40o,iteration31,5048043,category2,70.8,11348.54585
S85o,iteration36,5199318,category2,71.08,12037.26758
S20o,iteration41,5302888,category2,71.38,9498.467723
S57o,iteration46,5383010,category2,72.71,12126.23065
S53o,iteration51,5410052,category2,73.8,13638.77837
S83o,iteration56,5447502,category2,74.663,18678.31435
S45o,iteration1,1489518,category2,65.57,4215.041741
S20o,iteration6,1533070,category2,67.85,5862.276629
S58o,iteration11,1582962,category2,69.15,7402.303395
S80o,iteration16,1646912,category2,69.18,9405.489397
S42o,iteration21,1694510,category2,69.82,12383.4862
S54o,iteration26,1746919,category2,70.97,15277.03017
S47o,iteration31,1861252,category2,71.063,17866.72175
S67o,iteration36,1945870,category2,72.25,18678.53492
S32o,iteration41,1999210,category2,73.64,14214.71681
S53o,iteration46,2011612,category2,75.13,17161.10735
S20o,iteration51,2011497,category2,76.66,20660.01936
S85o,iteration56,2009245,category2,77.926,25768.25759
S99m,iteration1,2526994,category3,32.978,1135.749842
S56m,iteration6,2780415,category3,34.977,1258.147413
S41m,iteration11,3080153,category3,36.981,1369.488336
S32m,iteration16,3428839,category3,38.977,1284.73318
S24m,iteration21,3840161,category3,40.973,1254.576127
S34m,iteration26,4353666,category3,41.974,1450.992513
S39m,iteration31,5828892,category3,42.955,1176.807031
S57m,iteration36,6921858,category3,44.501,1093.244963
S89m,iteration41,6099799,category3,39.658,926.9602964
S17m,iteration46,6633514,category3,43.795,930.5964284
S77m,iteration51,7753310,category3,45.936,882.0818218
S94m,iteration56,9118773,category3,48.159,926.1410683
S45u,iteration1,14264935,category3,45.009,4725.295531
S44u,iteration6,16151549,category3,47.985,5487.104219
S66u,iteration11,18356657,category3,49.951,5768.729717
S75u,iteration16,20997321,category3,51.927,7114.477971
S53u,iteration21,23935810,category3,53.696,7765.962636
S60u,iteration26,27129932,category3,55.527,8028.651439
S89u,iteration31,31140029,category3,58.161,8568.266228
S36u,iteration36,35933379,category3,60.834,7825.823398
S13u,iteration41,39964159,category3,61.888,7225.069258
S54u,iteration46,42835005,category3,60.236,7479.188244
S51u,iteration51,44433622,category3,53.365,7710.946444
S59u,iteration56,43997828,category3,49.339,9269.657808
S40a,iteration1,28549870,category2,64.94,3834.034742
S59a,iteration6,29841614,category2,66.66,4564.80241
S11a,iteration11,31158061,category2,69.69,5693.843879
S46a,iteration16,32850275,category2,71.44,7993.512294
S77a,iteration21,34513161,category2,73.06,10638.75131
S89a,iteration26,36439000,category2,74.39,13236.92117
S22a,iteration31,37983310,category2,76.3,13926.16997
S84a,iteration36,38880702,category2,76.9,15764.98313
S92a,iteration41,39549438,category2,77.57,18603.06452
S58a,iteration46,39855442,category2,78.77,20445.29896
S46a,iteration51,40152517,category2,79.78,24835.47166
S27a,iteration56,40448191,category2,80.941,28821.0637
S62i,iteration1,7982342,category1,57.593,1083.53203
S92i,iteration6,9128546,category1,61.456,1072.546602
S90i,iteration11,10421936,category1,62.192,1074.47196
S44i,iteration16,11737396,category1,64.266,1135.514326
S73i,iteration21,13016733,category1,65.042,1213.39553
S33i,iteration26,14116836,category1,65.949,1348.775651
S70i,iteration31,15410151,category1,68.757,1648.079789
S50i,iteration36,16495304,category1,69.011,1876.766827
S99i,iteration41,17587060,category1,70.379,2153.739222
S26i,iteration46,18698655,category1,70.457,2664.477257
S50i,iteration51,19576783,category1,70.815,3015.378833
S35i,iteration56,20378239,category1,72.396,3970.095407
S56d,iteration1,8504667,category3,38.635,1615.991129
S66d,iteration6,9753392,category3,39.624,1770.337074
S83d,iteration11,11183227,category3,40.87,1959.593767
S85d,iteration16,12716129,category3,42.858,1687.997641
S27d,iteration21,14597019,category3,45.083,1659.652775
S19d,iteration26,17104986,category3,47.8,2202.988423
S74d,iteration31,20367053,category3,50.338,1895.544073
S63d,iteration36,24725960,category3,51.744,1507.819159
S81d,iteration41,28227588,category3,53.556,1492.197043
S76d,iteration46,32160729,category3,55.373,1632.210764
S44d,iteration51,37090298,category3,56.369,1993.398314
S76d,iteration56,42292929,category3,58.556,2602.394995
S98a,iteration1,290243,category3,41.407,1148.376626
S37a,iteration6,326741,category3,43.424,1244.708364
S50a,iteration11,370006,category3,44.992,1856.182125
S58a,iteration16,420690,category3,46.633,2613.101665
S70a,iteration21,480105,category3,49.552,3364.836625
S68a,iteration26,551425,category3,52.537,3781.410618
S51a,iteration31,649901,category3,55.561,3895.384018
S54a,iteration36,779348,category3,57.678,3984.839812
S41a,iteration41,962344,category3,58.474,3553.0224
S52a,iteration46,1054486,category3,54.289,3876.76846
S73a,iteration51,1130269,category3,43.869,4128.116943
S52a,iteration56,1133066,category3,39.613,4513.480643
S83e,iteration1,7124673,category2,71.86,8527.844662
S48e,iteration6,7363802,category2,72.49,9911.878226
S51e,iteration11,7561588,category2,73.37,12329.44192
S96e,iteration16,7867931,category2,74.16,15258.29697
S59e,iteration21,8122293,category2,74.72,17832.02464
S26e,iteration26,8251648,category2,75.44,18855.72521
S14e,iteration31,8325260,category2,76.42,20667.38125
S89e,iteration36,8421403,category2,77.19,23586.92927
S26e,iteration41,8718867,category2,78.16,23880.01683
S34e,iteration46,8897619,category2,79.39,25266.59499
S17e,iteration51,8954175,category2,80.04,29341.63093
S45e,iteration56,9031088,category2,80.884,33859.74835
S19i,iteration1,4815000,category2,69.62,14734.23275
S82i,iteration6,5126000,category2,70.56,17909.48973
S53i,iteration11,5666000,category2,71.32,20431.0927
S45i,iteration16,6063000,category2,72.77,22966.14432
S47i,iteration21,6401400,category2,73.78,27195.11304
S85i,iteration26,6316424,category2,75.39,26982.29052
S24i,iteration31,6468126,category2,76.21,28397.71512
S23i,iteration36,6649942,category2,77.41,30281.70459
S23i,iteration41,6995447,category2,78.03,31871.5303
S37i,iteration46,7193761,category2,79.37,32135.32301
S50i,iteration51,7361757,category2,80.62,34480.95771
S66i,iteration56,7554661,category2,81.701,37506.41907
S83r,iteration1,3661549,category1,45.883,1643.485354
S97r,iteration6,4149908,category1,48.284,2117.234893
S47r,iteration11,4834621,category1,50.305,2193.037133
S52r,iteration16,5680812,category1,53.655,1881.923632
S32r,iteration21,6701172,category1,57.296,2571.423014
S93r,iteration26,7932503,category1,61.195,3195.484582
S54r,iteration31,9410494,category1,64.59,3761.837715
S63r,iteration36,11242847,category1,66.974,3116.774285
S56r,iteration41,13219062,category1,69.249,3340.542768
S37r,iteration46,15081016,category1,71.527,4014.238972
S17r,iteration51,17155814,category1,73.053,4090.925331
S20r,iteration56,19314747,category1,74.143,4184.548089
T94i,iteration1,8550362,category1,58.5,1206.947913
T82i,iteration6,10164215,category1,62.4,1507.86129
T89i,iteration11,11918938,category1,65.2,1822.879028
T22i,iteration16,13648692,category1,67.5,2643.858681
T63i,iteration21,15226039,category1,69.39,4062.523897
T34i,iteration26,16785196,category1,70.59,5596.519826
T53i,iteration31,18501390,category1,72.16,7426.354774
T20i,iteration36,19757799,category1,73.4,11054.56175
T74i,iteration41,20686918,category1,74.26,15215.6579
T76i,iteration46,21628605,category1,75.25,20206.82098
T51i,iteration51,22454239,category1,76.99,23235.42329
T88i,iteration56,23174294,category1,78.4,28718.27684
T65n,iteration1,8322925,category3,41.215,716.6500721
T50n,iteration6,9452826,category3,42.974,698.5356073
T57n,iteration11,10863958,category3,44.246,722.0038073
T76n,iteration16,12607312,category3,45.757,848.2186575
T37n,iteration21,14706593,category3,47.62,915.9850592
T94n,iteration26,17129565,category3,49.919,962.4922932
T96n,iteration31,19844382,category3,50.608,874.2426069
T55n,iteration36,23040630,category3,51.535,831.8220794
T37n,iteration41,26605473,category3,50.44,825.682454
T56n,iteration46,30686889,category3,48.466,789.1862231
T25n,iteration51,34593779,category3,49.651,899.0742111
T95n,iteration56,38139640,category3,52.517,1107.482182
T99a,iteration1,21289402,category1,50.848,757.7974177
T18a,iteration6,25041917,category1,53.63,793.5774148
T64a,iteration11,29263397,category1,56.061,1002.199172
T11a,iteration16,34024249,category1,58.285,1295.46066
T43a,iteration21,39276153,category1,60.405,1524.358936
T99a,iteration26,44148285,category1,62.494,1961.224635
T95a,iteration31,48827160,category1,64.597,2393.219781
T27a,iteration36,52910342,category1,66.084,2982.653773
T57a,iteration41,56667095,category1,67.298,4616.896545
T75a,iteration46,60216677,category1,67.521,5852.625497
T84a,iteration51,62806748,category1,68.564,5913.187529
T73a,iteration56,65068149,category1,70.616,7458.396327
T48g,iteration1,1219113,category3,38.596,859.8086567
T18g,iteration6,1357445,category3,41.208,925.9083202
T83g,iteration11,1528098,category3,43.922,1067.53481
T42g,iteration16,1735550,category3,46.769,1477.59676
T56g,iteration21,2056351,category3,49.759,1649.660188
T54g,iteration26,2308582,category3,52.887,1532.776998
T25g,iteration31,2644765,category3,55.471,1344.577953
T14g,iteration36,3154264,category3,56.941,1202.201361
T63g,iteration41,3747553,category3,58.061,1034.298904
T83g,iteration46,4320890,category3,58.39,982.2869243
T77g,iteration51,4977378,category3,57.561,886.2205765
T42g,iteration56,5701579,category3,58.42,882.9699438
T53i,iteration1,662850,category4,59.1,3023.271928
T34i,iteration6,764900,category4,61.8,4100.3934
T80i,iteration11,887498,category4,64.9,4997.523971
T91i,iteration16,960155,category4,65.4,5621.368472
T76i,iteration21,975199,category4,65.9,6619.551419
T63i,iteration26,1039009,category4,68.3,7899.554209
T85i,iteration31,1116479,category4,68.832,9119.528607
T32i,iteration36,1191336,category4,69.582,7388.597823
T99i,iteration41,1183669,category4,69.862,7370.990932
T91i,iteration46,1138101,category4,69.465,8792.573126
T39i,iteration51,1101832,category4,68.976,11460.60023
T31i,iteration56,1056608,category4,69.819,18008.50924
T69n,iteration1,3647735,category3,44.6,1468.475631
T90n,iteration6,3950849,category3,47.1,1395.232468
T85n,iteration11,4286552,category3,49.579,1660.30321
T79n,iteration16,4786986,category3,52.053,1932.360167
T33n,iteration21,5303507,category3,55.602,2753.285994
T22n,iteration26,6005061,category3,59.837,3120.876811
T79n,iteration31,6734098,category3,64.048,3560.233174
T95n,iteration36,7724976,category3,66.894,3810.419296
T18n,iteration41,8523077,category3,70.001,4332.720164
T31n,iteration46,9231669,category3,71.973,4876.798614
T24n,iteration51,9770575,category3,73.042,5722.895655
T46n,iteration56,10276158,category3,73.923,7092.923025
T89r,iteration1,22235677,category2,43.585,1969.10098
T90r,iteration6,25670939,category2,48.079,2218.754257
T90r,iteration11,29788695,category2,52.098,2322.869908
T52r,iteration16,33411317,category2,54.336,2826.356387
T25r,iteration21,37492953,category2,57.005,3450.69638
T53r,iteration26,42404033,category2,59.507,4269.122326
T48r,iteration31,47328791,category2,61.036,4241.356344
T30r,iteration36,52881328,category2,63.108,5089.043686
T29r,iteration41,58179144,category2,66.146,5678.348271
T45r,iteration46,63047647,category2,68.835,6601.429915
T11r,iteration51,67308928,category2,70.845,6508.085718
T14r,iteration56,71158647,category2,71.777,8458.276384
U60a,iteration1,5824797,category3,39.978,734.753484
U17a,iteration6,6675501,category3,42.571,774.3710692
U79a,iteration11,7688797,category3,45.344,767.2717398
U64a,iteration16,8900294,category3,48.051,908.9185217
U15a,iteration21,10190285,category3,51.016,950.735869
U94a,iteration26,11457758,category3,50.35,843.7331372
U23a,iteration31,12939400,category3,49.849,682.2662268
U85a,iteration36,15283050,category3,51.509,617.7244065
U33a,iteration41,18252190,category3,48.825,644.1707969
U49a,iteration46,21210254,category3,44.578,816.559081
U37a,iteration51,24739869,category3,47.813,927.7210018
U30a,iteration56,29170398,category3,51.542,1056.380121
U41i,iteration1,50430000,category2,69.18,9979.508487
U63i,iteration6,51430000,category2,70.42,11283.17795
U23i,iteration11,53292000,category2,70.76,12477.17707
U80i,iteration16,54959000,category2,71.36,14142.85089
U34i,iteration21,56079000,category2,72.01,15895.11641
U17i,iteration26,56179000,category2,72.76,17428.74846
U14i,iteration31,56339704,category2,74.04,18232.42452
U28i,iteration36,56981620,category2,75.007,21664.78767
U61i,iteration41,57866349,category2,76.42,22705.09254
U74i,iteration46,58808266,category2,77.218,26074.53136
U22i,iteration51,59912431,category2,78.471,29478.99919
U99i,iteration56,60776238,category2,79.425,33203.26128
U43i,iteration1,157553000,category4,68.44,13990.48208
U46i,iteration6,171984000,category4,69.49,14847.12712
U74i,iteration11,186538000,category4,70.21,16173.14586
U29i,iteration16,198712000,category4,70.76,19530.36557
U66i,iteration21,209896000,category4,71.34,21806.03594
U30i,iteration26,220239000,category4,73.38,24072.63213
U26i,iteration31,232187835,category4,74.65,25009.55914
U99i,iteration36,242803533,category4,75.02,29884.35041
U74i,iteration41,256894189,category4,76.09,32003.93224
U87i,iteration46,272911760,category4,76.81,35767.43303
U79i,iteration51,287675526,category4,77.31,39097.09955
U80i,iteration56,301139947,category4,78.242,42951.65309
U42u,iteration1,2252965,category4,66.071,5716.766744
U54u,iteration6,2424959,category4,67.044,6150.772969
U64u,iteration11,2598466,category4,68.253,5603.357717
U18u,iteration16,2748579,category4,68.468,5444.61962
U60u,iteration21,2829526,category4,68.673,5703.408898
U60u,iteration26,2873520,category4,69.481,6504.339663
U12u,iteration31,2953997,category4,70.805,6920.223051
U21u,iteration36,3045153,category4,71.918,7452.398969
U30u,iteration41,3149262,category4,72.752,8137.004775
U59u,iteration46,3262838,category4,74.223,9230.240708
U53u,iteration51,3363085,category4,75.307,7727.002004
U64u,iteration56,3447496,category4,76.384,10611.46299
V16n,iteration1,5439568,category4,55.088,7689.799761
V64n,iteration6,6702668,category4,57.907,9802.466526
V49n,iteration11,8143375,category4,60.77,8422.974165
V98n,iteration16,9709552,category4,63.479,9541.474188
V99n,iteration21,11515649,category4,65.712,10505.25966
V49n,iteration26,13503563,category4,67.456,13143.95095
V90n,iteration31,15620766,category4,68.557,11152.41011
V89n,iteration36,17910182,category4,70.19,9883.584648
V85n,iteration41,20265563,category4,71.15,10733.92631
V41n,iteration46,22374398,category4,72.146,10165.49518
V93n,iteration51,24287670,category4,72.766,8605.047831
V46n,iteration56,26084662,category4,73.747,11415.80569
V62e,iteration1,26246839,category1,40.412,605.0664917
V86e,iteration6,28998543,category1,42.887,676.2854478
V55e,iteration11,33796140,category1,45.363,772.0491602
V88e,iteration16,39463910,category1,47.838,637.1232887
V89e,iteration21,44655014,category1,50.254,699.5016441
V69e,iteration26,50533506,category1,55.764,713.5371196
V88e,iteration31,56142181,category1,58.816,707.2357863
V85e,iteration36,62826491,category1,62.82,820.7994449
V72e,iteration41,69940728,category1,67.662,989.0231487
V56e,iteration46,76048996,category1,70.672,1385.896769
V58e,iteration51,80908147,category1,73.017,1764.456677
V92e,iteration56,85262356,category1,74.249,2441.576404
W95s,iteration1,1030585,category1,43.16,1515.592329
W47s,iteration6,1070439,category1,45.671,1827.067742
W13s,iteration11,1133134,category1,48.127,2198.956312
W50s,iteration16,1142636,category1,51.631,2649.715007
W67s,iteration21,1089572,category1,56.532,3133.409277
W70s,iteration26,1261091,category1,60.765,3682.831494
W29s,iteration31,1425876,category1,64.406,4336.032082
W12s,iteration36,1691210,category1,67.046,5107.197384
W73s,iteration41,2104779,category1,69.718,6017.654756
W59s,iteration46,2826046,category1,71.096,7110.667619
W97s,iteration51,3389578,category1,72.37,4515.487575
W12s,iteration56,4018332,category1,73.422,3025.349798
Y90m,iteration1,4963829,category1,32.548,781.7175761
Y46m,iteration6,5498090,category1,33.97,804.8304547
Y12m,iteration11,6120081,category1,35.18,825.6232006
Y49m,iteration16,6740785,category1,36.984,862.4421463
Y48m,iteration21,7407075,category1,39.848,1265.047031
Y52m,iteration26,8403990,category1,44.175,1829.765177
Y43m,iteration31,9657618,category1,49.113,1977.55701
Y62m,iteration36,11219340,category1,52.922,1971.741538
Y24m,iteration41,13367997,category1,55.599,1879.496673
Y48m,iteration46,15826497,category1,58.02,2117.484526
Y82m,iteration51,18701257,category1,60.308,2234.820827
Y49m,iteration56,22211743,category1,62.698,2280.769906
Z34m,iteration1,2672000,category3,42.038,1147.388831
Z84m,iteration6,3016000,category3,44.077,1311.956766
Z21m,iteration11,3421000,category3,46.023,1452.725766
Z78m,iteration16,3900000,category3,47.768,1777.077318
Z38m,iteration21,4506497,category3,50.107,1773.498265
Z55m,iteration26,5216550,category3,51.386,1588.688299
Z12m,iteration31,6100407,category3,51.821,1408.678565
Z94m,iteration36,7272406,category3,50.821,1213.315116
Z23m,iteration41,8381163,category3,46.1,1210.884633
Z61m,iteration46,9417789,category3,40.238,1071.353818
Z60m,iteration51,10595811,category3,39.193,1071.613938
Z84m,iteration56,11746035,category3,42.384,1271.211593
Z13m,iteration1,3080907,category3,48.451,406.8841148
Z98m,iteration6,3646340,category3,50.469,518.7642681
Z86m,iteration11,4277736,category3,52.358,527.2721818
Z86m,iteration16,4995432,category3,53.995,569.7950712
Z78m,iteration21,5861135,category3,55.635,799.3621758
Z68m,iteration26,6642107,category3,57.674,685.5876821
Z81m,iteration31,7636524,category3,60.363,788.8550411
Z66m,iteration36,9216418,category3,62.351,706.1573059
Z15m,iteration41,10704340,category3,60.377,693.4207856
Z96m,iteration46,11404948,category3,46.809,792.4499603
Z36m,iteration51,11926563,category3,39.989,672.0386227
Z81m,iteration56,12311143,category3,43.487,469.7092981
